INSERT INTO `informacion_plazas` (`id_plaza`, `nombre`, `direccion`, `codigo`, `distrito`, `latitud`, `longitud`, `observaciones`, `created_at`, `updated_at`) VALUES
(1, 'PLAZA BARRANCA DE LAS CEIBAS', '1º DE MAYO Y RIOJA', 'C01', 'CENTRO', '-32.948987', '-60.629384', '', NULL, NULL),
(2, 'PLAZOLETA C. CAGGIANO', 'RIOJA Y L. N. ALEM', 'C02', 'CENTRO', '-31.646813', '-60.702804', '', NULL, NULL),
(3, 'PLAZA MONSEÑOR M. DE ANDREA', 'RIOJA Y 1º DE MAYO', 'C03', 'CENTRO', '-32.949913', '-60.629247', '', NULL, NULL),
(4, 'PLAZA SARMIENTO', 'SAN JUAN Y CORRIENTES', 'C04', 'CENTRO', '-32.949742', '-60.642857', '', NULL, NULL),
(5, 'PLAZA MONTENEGRO', 'SAN LUIS Y BARON DE MAUA', 'C05', 'CENTRO', '', '', '', NULL, NULL),
(6, 'PLAZA SAN MARTIN', 'MORENO Y CORDOBA', 'C06', 'CENTRO', '-32.94372', '-60.649724', '', NULL, NULL),
(7, 'PLAZA PRINGLES', 'CORDOBA Y PTE. ROCA', 'C07', 'CENTRO', '-32.945127', '-60.644383', ' ', NULL, NULL),
(8, 'PLAZOLETA SARASATE / NAVARRA', 'AV. BELGRANO AL 700', 'C08', 'CENTRO', '', '', '', NULL, NULL),
(9, 'PLAZOLETA SOBERANÍA NACIONAL', 'RIOJA Y AV. BELGRANO (ROTONDA)', 'C09', 'CENTRO', '-32.949732', '-60.628389', '', NULL, NULL),
(10, 'PLAZOLETA ARCELIA DELGADO DE ARIAS', 'SAN LUIS Y AV. DE LA LIBERTAD', 'C10', 'CENTRO', '-32.950335', '-60.628678', '', NULL, NULL),
(11, 'PLAZOLETA FLORENCIO SANCHEZ', 'MENDOZA Y 1º DE MAYO', 'C11', 'CENTRO', '-32.952895', '-60.6312', 'REPONER 1 GOMA DE HAMACA, 1 ASIENTO DE SYB Y UNA TABLA DE LA PASARELA DEL TOBOGÁN-. ', NULL, NULL),
(12, 'PLAZA ANGEL MONASTERIO', 'MENDOZA Y AYACUCHO', 'C12', 'CENTRO', '-32.953189', '-60.628298', 'RETIRAR BASE DE CESTO', NULL, NULL),
(13, 'PLAZOLETA ANTONIO M. GIANELLI', 'AV. LIBERTAD Y AV. AYACUCHO', 'C13', 'CENTRO', '-32.95252', '-60.62752', '', NULL, NULL),
(14, 'PLAZA BELGICA', 'COLON Y ZEBALLOS', 'C14', 'CENTRO', '-32.957318', '-60.627619', 'RETIRAR CEPA Y CAÑO DE SOPORTE', NULL, NULL),
(15, 'PLAZA LOPEZ', 'AV. PELLEGRINI Y LAPRIDA', 'C15', 'CENTRO', '-32.958493', '-60.636503', 'REPONER MADERAS DE BANCOS.', NULL, NULL),
(16, 'PLAZA DE LA LIBERTAD', 'MITRE Y PASCO', 'C16', 'CENTRO', '-32.960075', '-60.642235', 'COLOCAR TAPA PLASTICA A SERV. DE AGUA, PINTAR MOBILIARIO', NULL, NULL),
(17, 'PLAZOLETA INTENDENTE CARBALLO (PARQUE URQUIZA)', 'AV. PELLEGRINI Y CHACABUCO', 'C17', 'CENTRO', '-32.959812', '-60.625181', '', NULL, NULL),
(18, 'PARQUE URQUIZA', '3 DE FEBRERO Y CHACABUCO', 'C18', 'CENTRO', '-32.955484', '-60.624119', 'RESTAURAR FUENTE', NULL, NULL),
(19, 'PLAZA REPUBLICA DE LA SEXTA', 'ESMERALDA Y CERRITO', 'C19', 'CENTRO', '-32.965056', '-60.625396', '', NULL, NULL),
(20, 'PLAZOLETA B. DELL''ORO', 'RUEDA Y MITRE', 'C20', 'CENTRO', '-32.971131', '-60.645515', '', NULL, NULL),
(21, 'PLAZOLETA TTE. AVIADOR A. VAZQUEZ', 'MORENO Y AV. 27 DE FEBRERO', 'C21', 'CENTRO', '-32.964347', '-60.65762', 'AGREGAR 1 CESTO. COLUMNA DE ALUMBRADO PICADA.', NULL, NULL),
(22, 'PLAZA DEL FORO', 'AV. PELLEGRINI Y BALCARCE', 'C22', 'CENTRO', '-32.954152', '-60.655246', '', NULL, NULL),
(23, 'PLAZOLETA BERTOLE', 'MONTEVIDEO Y ALVEAR', 'C23', 'CENTRO', '-32.953564', '-60.65688', '', NULL, NULL),
(24, 'PLAZA ISAAC NEWELLS', 'AV. INTENDENTE MORCILLO Y CENTENARIO N.O.B.', 'C24', 'CENTRO', '-32.954597', '-60.660833', 'REPARAR PALOMAR.', NULL, NULL),
(25, 'PLAZA DE LA LEALTAD', 'OV. LAGOS 1800', 'C25', 'CENTRO', '-32.954467', '-60.663998', 'ESPACIO VERDE', NULL, NULL),
(26, 'PLAZOLETA DE LOS PUEBLOS ORIGINARIOS', 'AV. INTENDENTE MORCILLO Y AV. DR. C. LASSAGA', 'C26', 'CENTRO', '-32.955158', '-60.659366', 'FALTA BUSTO. REPARAR MADERAS DE ESTACIÓN AERÓBICA.', NULL, NULL),
(27, 'PLAZA INTENDENTE LAMAS', 'AV. PELLEGRINI Y BV. OROÑO', 'C27', 'CENTRO', '-32.955332', '-60.655383', 'REPONER TABLAS DE BANCOS. EXTRAER UNA CEPA', NULL, NULL),
(28, 'PLAZOLETA CENTENARIO', 'COCHABAMBA Y MORENO', 'C28', 'CENTRO', '', '', '', NULL, NULL),
(29, 'PLAZA ITALIA', 'BV. OROÑO Y LUGONES', 'C29', 'CENTRO', '-32.956412', '-60.655876', '', NULL, NULL),
(30, 'PLAZOLETA M. M. DE CARLES', 'AV. PELLEGRINI Y OV. LAGOS', 'C30', 'CENTRO', '-32.953248', '-60.664615', '', NULL, NULL),
(31, 'PLAZOLETA DEL PERIODISTA', 'CAFFERATTA Y SANTA FE', 'C31', 'CENTRO', '-32.939452', '-60.670301', 'REPONER 1 ASIENTO DE SYB', NULL, NULL),
(32, 'PLAZOLETA COCHET', 'CORDOBA 3600', 'C32', 'CENTRO', '-32.94008', '-60.67234', '', NULL, NULL),
(33, 'PLAZOLETA YUPANQUI', 'SANTA FE 3700', 'C33', 'CENTRO', '-32.938851', '-60.673383', '', NULL, NULL),
(34, 'PLAZA DE LAS AMERICAS', 'SALTA E IRIONDO', 'C34', 'CENTRO', '-32.93408', '-60.667692', 'REPONER 3 GOMAS DE HAMACAS. REVISAR MOVIMIENTOS DE SUBIBAJA', NULL, NULL),
(35, 'PLAZOLETA GARIBALDI', 'ALSINA Y BOSTON', 'C35', 'CENTRO', '-32.934351', '-60.675103', '', NULL, NULL),
(36, 'PLAZOLETA ALFREDO PALACIOS', 'CATAMARCA Y ALSINA', 'C36', 'CENTRO', '-32.933637', '-60.675078', 'JUEGOS PLASTICOS, DONADOS POR COCA-COLA', NULL, NULL),
(37, 'PLAZOLETA LUIS BRAILLE', 'AV. PERÓN 3000', 'C37', 'CENTRO', '-32.972083', '-60.719952', 'FALTA BUSTO DE LA ESCULTURA', NULL, NULL),
(38, 'PLAZA DE LAS VICTIMAS DE LA VIOLENCIA INSTITUCIONAL (CARLOS ', 'DECRETADA Y EVA PERÓN', 'C38', 'CENTRO', '-32.936521', '-60.692467', '', NULL, NULL),
(39, 'PLAZOLETA CHARLONE', 'RIOJA Y SERVANDO BAYO', 'C39', 'CENTRO', '-32.938937', '-60.685083', 'REPONER 1 MESA. REPARAR BARANDA DE HAMACA INCLUSIVA', NULL, NULL),
(40, 'PLAZA C. PUPICH', 'GUTEMBERG Y RIOJA', 'C40', 'CENTRO', '-32.938991', '-60.687328', '', NULL, NULL),
(41, 'PLAZA CONSTACIO VIGIL', 'LIMA Y PAROISSIEN', 'C41', 'CENTRO', '-32.938902', '-60.683257', 'BANCOS ROTOS. MONTICULOS DE BASURA EN PLAZA', NULL, NULL),
(42, 'PLAZA DONATO', 'CORDOBA Y BV. AVELLANEDA', 'C42', 'CENTRO', '-32.938739', '-60.679306', 'PRESENTA ACUMULACIÓN DE BASURA', NULL, NULL),
(43, 'PLAZA ADOLFO ROUZAUT', 'LAVALLE Y SANTA FE', 'C43', 'CENTRO', '-32.938351', '-60.67657', '', NULL, NULL),
(44, 'PLAZA ECHESORTU', '3 DE FEBRERO Y SUCRE', 'C44', 'CENTRO', '-32.94383', '-60.692089', 'REPARAR BARANDA DE TORRE. DESPEJAR LUMINARIAS', NULL, NULL),
(45, 'PLAZA BURATOVICH', '3 DE FEBRERO Y CAFFERATTA', 'C45', 'CENTRO', '-32.947373', '-60.673316', '', NULL, NULL),
(46, 'PLAZA DR. I. MAIZTEGUI', 'RIOJA 2000', 'C46', 'CENTRO', '-32.945619', '-60.652223', '', NULL, NULL),
(47, 'PLAZOLETA ALICIA MOREAU DE JUSTO', 'RIOJA Y MORENO', 'C47', 'CENTRO', '-32.945469', '-60.650982', 'REPONER 1 ASIENTO DE SYB, 1 GOMA DE HAMACAS', NULL, NULL),
(48, 'PLAZA DEL AGUARIBAY', 'OROÑO AL 1500', 'C48', 'CENTRO', '', '', 'REPONER 1 TORNILLO DE SYB, 1 GOMA DE HAMACA. (EL BEBEDERO SE ENCUENTRA EN EL CANTERO CENTRAL)', NULL, NULL),
(49, 'PLAZOLETA OLMEDO', 'RIVADAVIA Y PUEYRREDON', 'C49', 'CENTRO', '', '', 'REPONER 1 LISTON DE BANCO', NULL, NULL),
(50, 'PLAZA SUECIA', 'OROÑO Y RIVADAVIA', 'C50', 'CENTRO', '-32.932054', '-60.650118', 'REPONER 6 LISTONES DE BANCOS', NULL, NULL),
(51, 'PLAZA ESPORA', 'WHEELWRIGHT Y BV. OROÑO', 'C51', 'CENTRO', '-32.93232', '-60.648184', '', NULL, NULL),
(52, 'PLAZA PRINCIPADO DE ASTURIAS', 'GÜEMES Y WHEELWRIGHT', 'C52', 'CENTRO', '-32.933934', '-60.64625', '', NULL, NULL),
(53, 'PLAZOLETA I. AHUMADA', 'ESPAÑA Y WHEELWRIGHT', 'C53', 'CENTRO', '-32.934524', '-60.64481', '', NULL, NULL),
(54, 'PLAZOLETA DON BOSCO', 'WHEELWRIGHT Y PTE. ROCA', 'C54', 'CENTRO', '-32.935931', '-60.642406', '', NULL, NULL),
(55, 'PLAZOLETA M. CERVANTES', 'CORRIENTES Y JUJUY', 'C55', 'CENTRO', '-32.937435', '-60.639963', '', NULL, NULL),
(56, 'PLAZA 8 DE MARZO', 'JUJUY Y ENTRE RIOS', 'C56', 'CENTRO', '', '', '', NULL, NULL),
(57, 'PARQUE DE ESPAÑA (ALTO) / PLAZA DE LOS CIPRESES', 'AV. DEL HUERTO Y MITRE', 'C57', 'CENTRO', '-32.938434', '-60.637433', '', NULL, NULL),
(58, 'PLAZA DE LA COOPERACIÓN', 'TUCUMAN Y MITRE', 'C58', 'CENTRO', '-32.941457', '-60.638097', 'CAMBIAR LISTONES DE BANCOS. REPARAR CESTOS DE BASURA.', NULL, NULL),
(59, 'PLAZOLETA DRA. NELIDA SAN MIGUEL', 'SARGENTO CABRAL Y AV. DEL HUERTO', 'C59', 'CENTRO', '-32.939672', '-60.636596', '', NULL, NULL),
(60, 'PLAZOLETA F. GOYA', 'MARIO ARMAS Y SARMIENTO', 'C60', 'CENTRO', '-32.939201', '-60.636471', '', NULL, NULL),
(61, 'PLAZA A. GUIDO', 'MARIO ARMAS Y SARMIENTO', 'C61', 'CENTRO', '-32.939093', '-60.636096', '', NULL, NULL),
(62, 'PARQUE DE ESPAÑA (BAJO) / PASEO N. KIRCHNER', 'PASEO DE LAS ARTES Y ESTEVEZ BOERO', 'C62', 'CENTRO', '-32.942348', '-60.632673', '', NULL, NULL),
(63, 'PLAZA SICILIA', 'SANTA FE Y BUENOS AIRES', 'C63', 'CENTRO', '-32.946778', '-60.632355', 'REPONER 3 TABLAS DE BANCOS, LA CANALETA SE ENCUENTRA PICADA', NULL, NULL),
(64, 'PLAZA 25 DE MAYO', 'LAPRIDA Y SANTA FE', 'C64', 'CENTRO', '-32.947147', '-60.633443', '', NULL, NULL),
(65, 'PLAZA PERU', 'SANTA FE 532', 'C65', 'CENTRO', '-32.947048', '-60.631122', '', NULL, NULL),
(66, 'PLAZA IMPERIA', 'AV. BELGRANO Y SANTA FE', 'C66', 'CENTRO', '-32.94708', '-60.630499', '', NULL, NULL),
(67, 'PLAZA MARIANO MORENO', 'ALSINA Y SANTA FE', 'C67', 'CENTRO', '-32.938963', '-60.675583', 'PINTAR BANCOS, VER PLATANO AHUECADO', NULL, NULL),
(68, 'PLAZA DE LA INTEGRACIÓN', 'OROÑO AL 2000 (PARQUE INDEPENDENCIA)', 'C68', 'CENTRO', '-32.956546', '-60.655244', 'REPARAR PISO DE GOMA', NULL, NULL),
(69, 'PLAZA S/N', 'CORDERO Y RIOJA', 'C69', 'CENTRO', '-32.943113', '-60.667011', '', NULL, NULL),
(70, 'PLAZA S/N', 'OV. LAGOS Y RUEDA', 'C70', 'CENTRO', '-32.966933', '-60.666537', '', NULL, NULL),
(71, 'PLAZA S/N (HIPODROMO)', 'OV. LAGOS E ITUZAINGÓ', 'C71', 'CENTRO', '-32.95619', '-60.664479', 'REPONER 1 GOMA DE HAMACA Y 1 ASIENTO DE SYB', NULL, NULL),
(72, 'PLAZA S/N', 'FRANCIA Y GUARANÍ', 'C72', 'CENTRO', '-32.932858', '-60.663338', 'REPONER 1 ASIENTO DE SYB', NULL, NULL),
(73, 'PLAZA S/N PARQUE URQUIZA', 'ZEBALLOS Y DIARIO LA CAPITAL', 'C73', 'CENTRO', '-32.957959', '-60.624377', 'PRESENTA PORTICO DE HAMACA INCLUSIVA', NULL, NULL),
(74, 'PARQUE DE LAS COLECTIVIDADES', 'ARTURO ILLIA 1800', 'C74', 'CENTRO', '-32.932596', '-60.646747', '', NULL, NULL),
(75, 'PLAZOLETA ABANDERADO GRANDOLI', 'AV. BELGRANO Y DOMINGUEZ', 'C75', 'CENTRO', '-32.949483', '-60.627318', '', NULL, NULL),
(76, 'PLAZA CONCESIÓN DON FERRO', 'SCHIFFNER Y PTE. ROCA', 'C76', 'CENTRO', '-32.934929', '-60.642585', '', NULL, NULL),
(77, 'PLAZOLETA INTENDENTE OCTAVIO GRANDOLI', 'RIVADAVIA Y MORENO', 'C77', 'CENTRO', '-32.932686', '-60.647506', '', NULL, NULL),
(78, 'PLAZA GUERNICA', 'SALTA Y MITRE', 'C78', 'CENTRO', '-32.939134', '-60.637431', 'REPONER PETRILES Y 9 LISTONES DE BANCO', NULL, NULL),
(79, 'PARQUE NACIONAL A LA BANDERA', 'AV. BELGRANO 500', 'C79', 'CENTRO', '-32.94649', '-60.629441', 'REPONER 1 GOMA DE HAMACAS Y TRABA DEL PERNO DE CANALETA', NULL, NULL),
(80, 'PARQUE NORTE', 'RIVADAVIA Y ALVEAR', 'C80', 'CENTRO', '-32.931403', '-60.652066', 'REPONER BARANDA DE TOBOGAN', NULL, NULL),
(81, 'PLAZA S/N', 'FONTEZUELA Y MANUEL RODRIGUEZ', 'C81', 'CENTRO', '-32.965818', '-60.665139', '', NULL, NULL),
(82, 'PLAZA S/N', 'SANTA FE Y BV. AVELLANEDA', 'C82', 'CENTRO', '-32.937571', '-60.679016', 'ESPACIO VERDE EN BUEN ESTADO', NULL, NULL),
(83, 'PLAZA OVIDIO LAGOS', 'JUNIN Y COLOMBIA', 'NO01', 'NOROESTE', '-32.92761', '-60.716621', 'VER MOVIMIENTOS VIEJOS, REPONER 2 GOMAS DE HAMACAS Y 1 ASIENTO DE SYB', NULL, NULL),
(84, 'PLAZA SANTA CRUZ', 'LAGO PUEBLO Y LANIN', 'NO02', 'NOROESTE', '-32.908231', '-60.72689', 'PROYECTAR PLAZA', NULL, NULL),
(85, 'PLAZA GRANDOLI', 'AYALA GAUNA Y SANCHEZ DE LORIA', 'NO03', 'NOROESTE', 'No coincide', '', 'REPONER 3 GOMAS DE HAMACAS', NULL, NULL),
(86, 'PLAZA SAN CAYETANO DE THIENE', 'DONADO Y LA REPÚBLICA', 'NO04', 'NOROESTE', '-32.919314', '-60.728188', 'REPONER 1 ASIENTO DE SYB, EXTRAER TOCON', NULL, NULL),
(87, 'PLAZA S/N', 'GORRITI Y NICARAGUA', 'NO05', 'NOROESTE', '-32.924722', '-60.721386', '', NULL, NULL),
(88, 'PLAZA VICENTE LOPEZ Y PLANES', 'BV. WILDE Y BV. ARGENTINO', 'NO06', 'NOROESTE', '-32.924524', '-60.739084', 'REPONER TORNILLO DE HAMACA INCLUSIVA Y REPARAR BARANDA, REPONER 1 GOMA DE HAMACA. EXTRAER DOS SEPAS', NULL, NULL),
(89, 'PLAZA MADRE TERESA DE CALCUTA', 'LA REPÚBLICA Y FRAGA', 'NO07', 'NOROESTE', '-32.917878', '-60.712739', 'REPARAR PORTICO DE SYB Y REPONER LOS 4, LEVANTAR MONTICULOS DE BASURA Y RAMAS. ', NULL, NULL),
(90, 'PLAZOLETA J. D. PERÓN (ROTONDA)', 'AV. PROVINCIAS UNIDAS Y JUAN JOSE PASO', 'NO08', 'NOROESTE', '-32.920386', '-60.713549', 'PINTAR MOBILIARIO', NULL, NULL),
(91, 'PLAZA EMPALME', 'GABRIEL CARRASCO Y ROUILLON', 'NO09', 'NOROESTE', '', '', 'CAMBIAR 1 GOMA DE HAMACAS', NULL, NULL),
(92, 'PLAZA KAROL WOJTYLA', 'GORRITI Y BOLIVIA', 'NO10', 'NOROESTE', '-32.924533', '-60.714756', 'REPARAR GIMNASIO Y DESMALEZAR', NULL, NULL),
(93, 'PLAZA S/N', 'MAGALLANES Y BIELSA', 'NO11', 'NOROESTE', '-32.923511', '-60.705218', 'PINTAR BANCOS Y PLAYON, REPONER 2 GOMAS DE HAMACA', NULL, NULL),
(94, 'PLAZA J. WESLEY / BIROCCO', 'MATIENZO Y BIELSA', 'NO12', 'NOROESTE', '-32.923615', '-60.695803', 'REPONER 1 GOMA DE HAMACA, NECESITA CONTENCIÓN DETRÁS DE ARCOS DE FUTBOL', NULL, NULL),
(95, 'PLAZA POCHO LEPRATTI', 'VELEZ SARFIELD Y LINIERS', 'NO13', 'NOROESTE', '-32.926118', '-60.69877', 'REPONER MESAS, PRESENTA UNA ACACIA CON RAICES AHUECADAS', NULL, NULL),
(96, 'PLAZA CARLOS SACALOTTO', 'CAMPBELL Y CASILDA', 'NO14', 'NOROESTE', '-32.928953', '-60.708356', '', NULL, NULL),
(97, 'PLAZA S/N', 'JOAQUIN LAGOS Y TUCUMAN', 'NO15', 'NOROESTE', '-32.933342', '-60.740267', '', NULL, NULL),
(98, 'PLAZA M. R. DUBOE', 'URIZAR Y AV. BERNHEIM', 'NO16', 'NOROESTE', '-32.936269', '-60.744489', 'LANZAS PICADAS', NULL, NULL),
(99, 'PLAZA S/N', 'EVA PERÓN Y MALASIA', 'NO17', 'NOROESTE', '', '', '', NULL, NULL),
(100, '4 PLAZOLETAS', 'ALEMANIA Y VERA PINTADO', 'NO18', 'NOROESTE', '', '', '', NULL, NULL),
(101, 'PLAZOLETA CARLOS GARDEL', 'BORDABHERE Y CARRIEGO', 'NO19', 'NOROESTE', '-32.933908', '-60.687323', '', NULL, NULL),
(102, 'PLAZA D. DABOT', 'SANTA FE Y BV. AVELLANEDA', 'NO20', 'NOROESTE', '', '', '', NULL, NULL),
(103, 'PLAZA AZCUENAGA', 'MENDOZA Y CAMILO ALDAO', 'NO21', 'NOROESTE', '-32.941309', '-60.696016', '', NULL, NULL),
(104, 'PLAZOLETA ZUVIRIA', 'ZUVIRIA Y CORREA', 'NO22', 'NOROESTE', '-32.936341', '-60.695377', '', NULL, NULL),
(105, 'PLAZA F. HERNANDEZ', 'CALLE DE ALIO Y RODÓ', 'NO23', 'NOROESTE', '-32.929067', '-60.726199', 'LANZA DOBLADA', NULL, NULL),
(106, 'PLAZA PADRE TITO ARPESELLA', 'BOLIVIA Y MENDOZA', 'NO24', 'NOROESTE', '-32.93999', '-60.713445', '', NULL, NULL),
(107, 'PLAZA MADRE EUFRASIA LACONIS', 'PERÚ Y MENDOZA', 'NO25', 'NOROESTE', '-32.939969', '-60.711951', '', NULL, NULL),
(108, 'PLAZA DEMETRIA BARCIA', 'BOLIVIA Y MENDOZA', 'NO26', 'NOROESTE', '-32.940613', '-60.713174', '', NULL, NULL),
(109, 'PLAZA ELOY PALACIOS', 'MENDOZA Y PERÚ', 'NO27', 'NOROESTE', '-32.940613', '-60.711811', '', NULL, NULL),
(110, 'PLAZA TTE. CORONEL. JUANA AZURDUY', 'TTE. AGNETA Y NEUQUÉN', 'NO28', 'NOROESTE', '-32.944343', '-60.699543', '', NULL, NULL),
(111, 'PLAZA LAS ROSAS', 'CALLE 659 Y PJE. 1673', 'NO29', 'NOROESTE', '', '', '', NULL, NULL),
(112, 'PLAZA S/N', 'AV. CALASANZ Y AV. GARDEL', 'NO30', 'NOROESTE', '', '', 'REPONER 5 ASIENTOS DE SYB Y 4 GOMAS DE HAMACAS, ÁRBOL PARA EXTRACCIÓN', NULL, NULL),
(113, 'PLAZA S/N', 'LENCINA AV. CALASANZ', 'NO31', 'NOROESTE', '-32.940332', '-60.749324', '', NULL, NULL),
(114, 'PLAZA S/N', 'JOSE ROSA Y SANTA FE', 'NO32', 'NOROESTE', '-32.936042', '-60.723478', '', NULL, NULL),
(115, 'PLAZA S/N', 'ROJAS Y CHUBUT', 'NO33', 'NOROESTE', '', '', 'FALTA TAPA DE MESA, BANCOS EN MAL ESTADO, REPONER 2 GOMAS DE HAMACAS, REPARAR CESTO', NULL, NULL),
(116, 'PLAZA DE LA SOLIDARIDAD', 'FRAGA Y NEUQUÉN', 'NO34', 'NOROESTE', '-32.944464', '-60.710194', '', NULL, NULL),
(117, 'PLAZA S/N', 'J. J. PASO Y CULLEN', 'NO35', 'NOROESTE', '-32.920191', '-60.709654', '', NULL, NULL),
(118, 'PLAZA S/N (INTERNA FONAVI)', 'WHITE Y JOSE M. ROSA', 'NO36', 'NOROESTE', '-32.941902', '-60.723102', 'REPONER 1 SYB, 6 ASIENTOS DE SYB, CANALETA PICADA, 4 GOMAS DE HAMACAS Y 1 LANZA.', NULL, NULL),
(119, 'PLAZA S/N', 'RAVIGNANI Y FOREST', 'NO37', 'NOROESTE', '-32.943779', '-60.725526', 'FALTAN MADERAS DE 3 BANCOS, REPONER MESAS, REPONER ASIENTOS DE SYB Y HAMACAS.', NULL, NULL),
(120, 'PLAZA S/N', 'SCWHWEITZER Y SANCHEZ DE LORIA', 'NO38', 'NOROESTE', '', '', 'REPONER 3 GOMAS DE HAMACAS, 2 SYB, FALTA UNA LANZA.', NULL, NULL),
(121, 'PARQUE VILA', 'PEREZ BULNES Y N. VILA', 'NO39', 'NOROESTE', '-32.942597', '-60.709241', '', NULL, NULL),
(122, 'PLAZA S/N', 'CARRE Y COLOMBRES', 'NO40', 'NOROESTE', '', '', 'CANALETA PICADA, COLOCAR DOS ARCOS DE FÚTBOL.', NULL, NULL),
(123, 'PLAZA S/N', 'EVA PERON Y BOLIVIA', 'NO41', 'NOROESTE', '-32.932517', '-60.714406', '', NULL, NULL),
(124, 'PLAZA S/N', 'O´HIGGINS Y UGARTECHE', 'NO42', 'NOROESTE', '-32.926857', '-60.759565', '', NULL, NULL),
(125, 'PLAZA S/N', 'PAGANO Y LOLA MOMBRIVES', 'NO43', 'NOROESTE', '', '', 'MOVIMIENTOS VIEJOS, NIVELAR TERRENO, FALTA 1 SYB Y 1 ASIENTO.', NULL, NULL),
(126, 'PLAZA S/N', 'SAN LORENZO Y FRIULI', 'NO44', 'NOROESTE', '-32.935083', '-60.735302', 'CANALETA DE MADERA', NULL, NULL),
(127, 'PLAZA S/N', 'MENDOZA Y SANCHEZ DE LORIA', 'NO45', 'NOROESTE', '-32.940116', '-60.731364', 'REPONER 2 ASIENTOS DE SYB', NULL, NULL),
(128, 'PLAZA S/N', 'JUNIN Y MEXICO', 'NO46', 'NOROESTE', '-32.927631', '-60.71886', 'PRESENTA JUEGOS DE COCA-COLA (PLÁSTICOS), DELIMITAR VIA. ', NULL, NULL),
(129, 'PLAZA S/N (INTERNA FONAVI)', 'DERQUI Y DONADO (AL LADO DE CENTRO DE SALUD)', 'NO47', 'NOROESTE', '-32.938544', '-60.726918', 'AL LADO DE CENTRO DE SALUD.', NULL, NULL),
(130, 'PLAZA S/N (INTERNA FONAVI)', 'DERQUI Y JOSE M. ROSA', 'NO48', 'NOROESTE', '-32.93854', '-60.723441', 'REPARAR MOVIMIENTO ROTO.', NULL, NULL),
(131, 'PLAZA DEL POLICLINICO SAN MARTIN', 'CHUBUT Y MEXICO', 'NO49', 'NOROESTE', '-32.945804', '-60.718104', 'CANALETA DESOLDADA.', NULL, NULL),
(132, 'PLAZA S/N', 'GORRITI Y BRASIL', 'NO50', 'NOROESTE', '-32.924539', '-60.720266', '', NULL, NULL),
(133, 'PLAZA S/N', 'BOLIVIA Y FRENCH', 'NO51', 'NOROESTE', '-32.921793', '-60.714579', 'ESCALONES DE TREPADOR ROTO, REPONER 1 GOMA DE HAMACA, AUTOS ABANDONADOS.', NULL, NULL),
(134, 'PLAZA INGRESO AL BOSQUE', 'GLACIARES Y TALAMPALAYA', 'NO52', 'NOROESTE', '', '', '', NULL, NULL),
(135, 'PASEO COMENIUS', 'COMENIUS Y WILDE', 'NO53', 'NOROESTE', '-32.926881', '-60.738886', 'REPONER 1 ÁRBOL', NULL, NULL),
(136, 'PLAZA S/N', 'NICARAGUA Y SCHWEITZER', 'NO54', 'NOROESTE', '-32.91352', '-60.721325', 'REPONER TAPA DE MESA, PRESENTA CANCHA DE BOCHAS. REFORESTAR.', NULL, NULL),
(137, 'PLAZA S/N', 'JUAN B. JUSTO Y MEXICO', 'NO55', 'NOROESTE', '-32.91504', '-60.719654', 'REPONER 2 GOMAS DE HAMACAS, MOVIMIENTO DE SYB ROTO.', NULL, NULL),
(138, 'PLAZA S/N', 'CASILDA Y NUEVA YORK', 'NO56', 'NOROESTE', '-32.928407', '-60.688455', 'REPONER 1 GOMA DE HAMACA', NULL, NULL),
(139, 'PLAZA JOSE MARTI', 'HUMBERTO 1º Y NUEVA YORK', 'NO57', 'NOROESTE', '-32.929765', '-60.68691', '', NULL, NULL),
(140, 'PLAZA DEL FERROVIARIO', 'CARRIEGO Y RAFAELA', 'NO58', 'NOROESTE', '-32.931086', '-60.687114', 'REPONER 2 GOMAS DE HAMACAS, LEVANTAR RAMAS. TIENE PP', NULL, NULL),
(141, 'PLAZA S/N', 'MARTINEZ ESTRADA Y GONZALEZ DEL SOLAR', 'NO59', 'NOROESTE', '-32.911325', '-60.7377', 'REPONER 2 GOMAS DE HAMACAS.', NULL, NULL),
(142, 'PLAZA S/N', 'CASILDA Y SOLIS', 'NO60', 'NOROESTE', '', '', 'REPONER 1 SYB, 1 ASIENTO. REPARAR MOVIENTOS', NULL, NULL),
(143, 'PLAZA S/N', 'CASILDA Y TTE. AGNETTA', 'NO61', 'NOROESTE', '-32.92874', '-60.700377', 'PRESENTA CANCHA DE FÚTBOL, POSIBILIDAD DE REFORESTAR.', NULL, NULL),
(144, 'PLAZA S/N', 'CALASANZ Y GRAL. URQUIZA', 'NO62', 'NOROESTE', '-32.94087', '-60.760544', '', NULL, NULL),
(145, 'PLAZA S/N', 'PELLEGRINI Y BRASIL', 'NO63', 'NOROESTE', '-32.949106', '-60.719182', 'REPONER 2 GOMAS DE HAMCAS Y LEVANTAR RAMAS.', NULL, NULL),
(146, 'PLAZA DEL ACUERDO', 'URQUIZA Y MAGALLANES', 'NO64', 'NOROESTE', '', '', 'REPONER 1 ASIENTO SYB Y 3 GOMAS DE HAMACAS, RETIRAR TOCONES', NULL, NULL),
(147, 'LOS CEDROS', 'POBLET Y CALLE 1331', 'N01', 'NORTE', '', '', 'REPONER 2 ASIENTOS DE SYB', NULL, NULL),
(148, 'PLAZA S/N', 'ONCATIVO Y CALLE 1369', 'N02', 'NORTE', '', '', 'INSTALAR MÓDULO DE PLAZA NUEVO, CAMBIAR ARCOS DE MADERA, REPONER CESTOS MESAS Y BANCOS.', NULL, NULL),
(149, 'FERIA AUTOGESTIVA COSTA ALTA', 'CARRASCO E. Y MARTIN FIERRO', 'N03', 'NORTE', '-32.875898', '-60.688151', 'REPONER GRANZA', NULL, NULL),
(150, 'PLAZA S/N', 'CARRASCO E. Y BAJADA DAVID PEÑA', 'N04', 'NORTE', '-32.877274', '-60.687818', 'REPONER 33 TABLAS DE BANCOS. REMARCAR ARENERO', NULL, NULL),
(151, 'PLAZA S/N (BARRIO INDUSTRIAL)', 'G. CARRASCO Y FORMOSA', 'N05', 'NORTE', '-32.920171', '-60.6908', 'REPONER 5 GOMAS DE HAMACAS Y 1 SYB, REMARCAR ARENEROS', NULL, NULL),
(152, 'PLAZA REPUBLICA DE IRAK', 'DAVALO Y PEYRANO', 'N06', 'NORTE', '-32.890165', '-60.718622', 'LEVANTAR BANCO', NULL, NULL),
(153, 'PLAZA ENVAR EL KADRI', 'BLOMBERG Y PALESTINA', 'N07', 'NORTE', '-32.88648', '-60.719651', '', NULL, NULL),
(154, 'PLAZA FELIPE VALLESE', 'H. MANZI Y CASTRO', 'N08', 'NORTE', '-32.887334', '-60.716349', '', NULL, NULL),
(155, 'PLAZA S/N', 'CONCOLORCORVO Y GOMEZ CORNET', 'N09', 'NORTE', '-32.886791', '-60.712587', '', NULL, NULL),
(156, 'PLAZA DEL OMBÚ', 'J. F. KENNEDY Y GIANNEO', 'N10', 'NORTE', '-32.889752', '-60.712773', '', NULL, NULL),
(157, 'PLAZOLETA NUEVO ALBERDI', 'BV. BOUCHARD Y AV. SUAREZ JOAQUIN ', 'N11', 'NORTE', '-32.890103', '-60.727429', '', NULL, NULL),
(158, 'PARQUE ALEM (SECTOR HOSPITAL DE NIÑOS)', 'DE LOS TRABAJADORES AL 1300', 'N12', 'NORTE', '-32.912095', '-60.682284', 'REPONER 3 GOMAS DE HAMACAS', NULL, NULL),
(159, 'PLAZA S/N', 'ALBERDI AL 500 (CRUCE ALBERDI)', 'N13', 'NORTE', '-32.932985', '-60.671641', 'REPONER 1 GOMA DE HAMACA, 4 ASIENTOS DE SYB. ', NULL, NULL),
(160, 'PARQUE ALEM (SECTOR ACUARIO)', 'PRES. ARTURO FRONDIZZI 200', 'N14', 'NORTE', '-32.911011', '-60.676703', '', NULL, NULL),
(161, 'PLAZA DEL POETA', 'L. FONTANA 2400', 'N15', 'NORTE', '-32.89249', '-60.713693', 'REPONER 3 TABLAS DE BANCO', NULL, NULL),
(162, 'PLAZOLETA DE LA AMISTAD', 'BAIGORRIA Y AVALOS', 'N16', 'NORTE', '-32.893818', '-60.707905', 'PRESENTA UN CARRITO DE COMIDAS ABANDONADO', NULL, NULL),
(163, 'PARQUE ALEM (SECTOR PRINCIPAL)', 'PRES. ARTURO FRONDIZZI 400', 'N17', 'NORTE', '-32.909317', '-60.677756', 'NIVELAR TERRENO, REPARAR CAMA DE ABDOMINALES', NULL, NULL),
(164, 'PLAZA DE LA ESPERANZA', 'MANUEL GARCÍA Y SUPERI', 'N18', 'NORTE', '-32.89712', '-60.712346', 'REPONER 1 GOMA DE HAMACA', NULL, NULL),
(165, 'INTERNA FONAVI', 'CASIANO CASAS Y CAVIA', 'N19', 'NORTE', '-32.901931', '-60.708586', 'REPONER 4 GOMAS DE HAMACAS Y 2 SUBE Y BAJAS', NULL, NULL),
(166, 'PLAZOLETA DR. A. J. PAZ', 'PINTOR MUSTO Y BV. RONDEAU', 'N20', 'NORTE', '-32.914088', '-60.686414', '', NULL, NULL),
(167, 'PLAZA S. R. DESZA', 'SPEGAZZINI Y APÓSTOLES', 'N21', 'NORTE', '-32.876962', '-60.70198', '', NULL, NULL),
(168, 'PLAZA S/N', 'SUPERÍ Y AV. CASIANO CASAS', 'N22', 'NORTE', '-32.897108', '-60.714426', 'REPONER 3 ASIENTOS DE SUBE Y BAJAS', NULL, NULL),
(169, 'PLAZA LOMAS DE ALBERDI', 'VASALLO Y GHIONE', 'N23', 'NORTE', '-32.879191', '-60.70568', 'REPONER 3 ASIENTOS DE SUBE Y BAJAS, ENDEREZAR BICICLETERO', NULL, NULL),
(170, 'PLAZA OV. LAGOS', 'MARTIN FIERRO Y F. D. MIRANDA', 'N24', 'NORTE', '-32.877668', '-60.692205', 'REPONER 1 ASIENTO DE SYB, SOLDAR MANIJA. ARBOLES INFECTADOS CON BARBA DE VIEJO', NULL, NULL),
(171, 'PLAZA ANTONIO BERNI', 'AV. EUDORO CARRASCO Y RICARDO NUÑEZ', 'N25', 'NORTE', '-32.884588', '-60.687696', '', NULL, NULL),
(172, 'PLAZA CENTENARIO (NORTE)', 'R. GUTIERREZ Y ACONCAGUA', 'N26', 'NORTE', '-32.881286', '-60.695126', '', NULL, NULL),
(173, 'PLAZA SECA S. ZAINO', 'AV. EUDORO CARRASCO Y GALLO', 'N27', 'NORTE', '-32.889196', '-60.687311', '', NULL, NULL),
(174, 'PLAZA SANTOS DUMONT', 'ALVAREZ THOMAS Y FREYRE', 'N28', 'NORTE', '-32.892665', '-60.687439', 'REPONER GRANZA', NULL, NULL),
(175, 'PLAZA J. B. ALBERDI', 'WARNES Y SUPERI', 'N29', 'NORTE', '-32.895038', '-60.693232', 'REPONER 1 GOMA DE HAMACA, GRANZA.', NULL, NULL),
(176, 'PLAZA ALMIRANTE BROWN', 'PUCCIO Y BV. RONDEAU', 'N30', 'NORTE', '-32.894971', '-60.691414', 'REPONER GRANZA', NULL, NULL),
(177, 'PLAZA GALVEZ(PLAZA OLGA COSSEITI?? ?) ', 'MACIEL Y ALVAREZ THOMAS', 'N31', 'NORTE', '-32.903069', '-60.686016', 'PRESENTA HAMACA INCLUSIVA', NULL, NULL),
(178, 'PLAZOLETA GRITO DE ALCORTA', 'NETRI Y WASHINGTON', 'N32', 'NORTE', '-32.902792', '-60.697321', '', NULL, NULL),
(179, 'PLAZA PINOCHO', 'SORRENTO Y AV. CASIANO CASAS', 'N33', 'NORTE', '-32.907147', '-60.696227', 'REPONER 1 GOMA DE HAMACA.', NULL, NULL),
(180, 'PLAZOLETO GRANADEROS RESERVISTAS R. A.', 'MACHAIN Y AV. CASIANO CASAS', 'N34', 'NORTE', '-32.906834', '-60.696006', '', NULL, NULL),
(181, 'PLAZA MERCEDITAS DE SAN MARTIN', 'BLAS PARERA Y UNIÓN', 'N35', 'NORTE', '-32.902243', '-60.700931', 'PINTAR MOBILIARIO', NULL, NULL),
(182, 'PLAZOLETA EVA PERÓN', 'AV. SORRENTO Y BV. RONDEAU', 'N36', 'NORTE', '-32.907287', '-60.688867', 'PRESENTA UN BUSTO EN BUEN ESTADO', NULL, NULL),
(183, 'PLAZA CBO. PPAL. OSCAR M. ALVAREZ', '8 DE NOVIEMBRE Y SIRIA', 'N37', 'NORTE', '-32.909805', '-60.691015', 'REPONER 2 GOMAS DE HAMACAS, FALTA PLACA DEL MONOLITO.', NULL, NULL),
(184, 'PLAZA OSCAR ALVAREZ', '8 DE NOVIEMBRE E INTENDENTE LAMAS', 'N38', 'NORTE', '-32.911192', '-60.691994', 'ROTONDA', NULL, NULL),
(185, 'PLAZOLETA MAQUINISTA GALLINI', 'G. MATORRAS Y REPÚBLICA DEL LIBANO', 'N39', 'NORTE', '-32.912721', '-60.689933', 'LEVANTAR MESA TUMBADA.', NULL, NULL),
(186, 'PARQUE VIRGINIO OTTONE', 'AV. GENOVA 2100', 'N40', 'NORTE', '-32.915702', '-60.695163', 'REFORESTAR, REPONER 1 ASIENTO DE SYB. FERIA SOBRE EL PARQUE', NULL, NULL),
(187, 'PLAZA ESTUREL', 'FRENCH Y AV. A. SABIN', 'N41', 'NORTE', '-32.921162', '-60.686903', '', NULL, NULL),
(188, 'PLAZA S/N', 'JUAN B. JUSTO Y POLICHISO', 'N42', 'NORTE', '-32.914337', '-60.697426', 'PRESENTA DOS CANCHAS DE FUTBOL', NULL, NULL),
(189, 'PLAZA BUDISLAVICH', 'DON ORIONE Y JOSE MANUEL ESTRADA', 'N43', 'NORTE', '-32.92288', '-60.676412', 'PROYECTAR PLAZA', NULL, NULL),
(190, 'PLAZA SECA S/N', 'J. F. KENNEDY Y AV. DE LOS GRANADEROS', 'N44', 'NORTE', '-32.889435', '-60.708675', 'PLAZA SECA DE AZULEJOS', NULL, NULL),
(191, 'PARQUE DE LOS FERROVIARIOS', 'AV. ALBERDI Y AV. A. SABIN', 'N45', 'NORTE', '-32.930102', '-60.672839', '', NULL, NULL),
(192, 'PARQUE SCALABRINI ORTIZ', 'AV. MONGSFELD Y AV. ALBERDI', 'N46', 'NORTE', '-32.930102', '-60.665592', 'REGULAR LA PRESIÓN DE UNO DE LOS BEBEDEROS.', NULL, NULL),
(193, 'PLAZA DEL MUTUALISMO', 'VERA MUJICA Y VELEZ  SARSFIELD', 'N47', 'NORTE', '-32.924501', '-60.663835', '', NULL, NULL),
(194, 'PLAZA S/N', 'THEDDY Y VERTIZ', 'N48', 'NORTE', '-32.926207', '-60.665654', '', NULL, NULL),
(195, 'PLAZA ING. C. M. DELLA PAOLERA', 'AV. CASEROS Y ESCALADA', 'N49', 'NORTE', '-32.928819', '-60.662719', 'ROTONDA DEL PARQUE SCALABRINI ORTIZ', NULL, NULL),
(196, 'PLAZA S/N', 'QUESADA Y TILCARA', 'N50', 'NORTE', '-32.872703', '-60.708526', '', NULL, NULL),
(197, 'PLAZA CAROLINA MUZILLI', 'PJE. 13100 Y ROBLES', 'N51', 'NORTE', '-32.879975', '-60.729115', 'CAMBIAR DOS SYB Y 6 MOVIMIENTOS DE HAMACA.', NULL, NULL),
(198, 'PLAZA S/N', 'PJE. 13101 Y POLLEDO', 'N52', 'NORTE', '', '', 'COLOCAR MAS JUEGOS, FALTA PERNO DE LA CANALETA.', NULL, NULL),
(199, 'PLAZA S/N (ZONA CERO)', 'CALLE 1333 Y PAUNERO', 'N53', 'NORTE', '-32.88475', '-60.725934', 'INSTALAR MÓDULO DE JUEGOS, HAY SERVICIO DE AGUA, INSTALAR CANCHA DE FUTBOL', NULL, NULL),
(200, 'PLAZA S/N', 'F. GRANDOLI Y LUZARRIAGA', 'N54', 'NORTE', '-32.887313', '-60.732666', 'REPONER ASIENTOS DE SYB', NULL, NULL),
(201, 'PLAZA S/N', 'BAIGORRIA Y BRASILIA', 'N55', 'NORTE', '-32.89402', '-60.714588', 'REPONER GOMAS DE HAMACAS.', NULL, NULL),
(202, 'PLAZA S/N', 'LOUREIRO Y PJE. 1389', 'N56', 'NORTE', '-32.901912', '-60.710892', '', NULL, NULL),
(203, 'PLAZA S/N', 'PJE. 1392 Y PJE. 1397', 'N57', 'NORTE', '-32.9037', '-60.708789', 'COLOCAR CANALETA, REPONER HAMACAS Y SYB. REFORESTAR. FALTAN AROS DE BASQUET Y REPONER PAÑOS.', NULL, NULL),
(204, 'PLAZA S/N', 'LAMBARE Y ANTEQUERA', 'N58', 'NORTE', '-32.908888', '-60.696719', 'REFORESTAR', NULL, NULL),
(205, 'PLAZA S/N', 'GOMEZ CORNET Y MENA', 'N59', 'NORTE', '-32.887417', '-60.711923', '', NULL, NULL),
(206, 'PLAZA S/N', 'GAMBARTES Y PANIZZA', 'N60', 'NORTE', '-32.888948', '-60.710221', 'REPONER 1 GOMA DE HAMACA Y LEVANTAR UN BANCO', NULL, NULL),
(207, 'PLAZA S/N', 'GOMEZ CORNET Y BERRINI', 'N61', 'NORTE', '-32.888439', '-60.711439', '', NULL, NULL),
(208, 'PLAZA S/N', 'PALESTINA Y PEYNARO', 'N62', 'NORTE', '-32.886218', '-60.715559', 'REPONER 2 GOMAS DE HAMACAS.', NULL, NULL),
(209, 'PLAZA MAXIMILIANO L. INFANTE', 'HOMERO MANZI Y BLOMBERG', 'N63', 'NORTE', '-32.888268', '-60.719056', 'REPARAR TEJIDO DE PLAYÓN', NULL, NULL),
(210, 'PLAZA S/N', 'CEDRÓN Y VALENTIN GOMEZ', 'N64', 'NORTE', '-32.872843', '-60.702152', 'REPONER 1 GOMA DE HAMACA', NULL, NULL),
(211, 'PLAZA S/N', 'CAMINO DE LOS GRANADEROS Y BOEDO', 'N65', 'NORTE', '-32.892601', '-60.706408', 'REPONER 4 ASIENTOS DE SYB, 2 GOMAS DE HAMACA, CANALETA PICADA.', NULL, NULL),
(212, 'PLAZA S/N', 'BLAS PARERA Y LAPLACE', 'N66', 'NORTE', '-32.902421', '-60.70188', 'SYB MUY ALTOS', NULL, NULL),
(213, 'PLAZA S/N', 'BLAS PARERA Y RAMOS MEJIA', 'N67', 'NORTE', '-32.902015', '-60.696225', 'PINTAR ARCOS DE FÚTBOL Y PINTAR MOBILIARIO DE VERDE CEMENTO', NULL, NULL),
(214, 'PLAZA S/N', 'DR. LUIS VILA Y URIARTE', 'N68', 'NORTE', '', '', 'NIVELAR TERRENO', NULL, NULL),
(215, 'PLAZA LISANDRO DE LA TORRE', 'ALBERDI Y GENOVA', 'N69', 'NORTE', '-32.914905', '-60.686146', 'CANALETA PICADA', NULL, NULL),
(216, 'PLAZA S/N', 'TRAVESIA (800 BIS) Y RECONQUISTA', 'N70', 'NORTE', '-32.917917', '-60.689952', '2 TABLAS QUEMADAS DEL JUEGO', NULL, NULL),
(217, 'PLAZA S/N', 'TRAVESIA (1000 BIS) Y GENOVA', 'N71', 'NORTE', '-32.915792', '-60.691285', 'REPARAR PAÑOS DEL PLAYON, MADERAS QUEMADAS.', NULL, NULL),
(218, 'PLAZA S/N', 'TRAVESIA Y JUAN B. JUSTO', 'N72', 'NORTE', '-32.914632', '-60.691782', 'LEVANTAR BANCO TUMBADO', NULL, NULL),
(219, 'PLAZA S/N', 'SAN TELMO 1962 (CALLE 1350)', 'N73', 'NORTE', '-32.89766', '-60.703585', 'REPONER 2 SYB', NULL, NULL),
(220, 'PLAZA S/N', 'VELEZ SARFIELD Y MONTEAGUDO', 'N74', 'NORTE', '-32.924811', '-60.667579', 'REPONER 1 TREPADOR, 1 ASIENTO DE SYB Y 2 TABLAS DE BANCOS', NULL, NULL),
(221, 'PLAZA S/N', 'NICARAGUA Y MONTE FLORES', 'O01', 'OESTE', '-32.957974', '-60.71989', 'REPONER 1 ASIENTO DE SYB', NULL, NULL),
(222, 'PARQUE RICARDO BALBIN (PARQUE OESTE)', 'RUILLÓN Y RIOBAMBA', 'O02', 'OESTE', '-32.954053', '-60.702021', 'LEVANTAR VIGA', NULL, NULL),
(223, 'PLAZA P. J. BERTTI', 'ITUIZANGO Y CAMILO ALDAO', 'O03', 'OESTE', '-32.95202', '-60.695836', 'REPONER MADERAS DE BANCOS (10), REPONER ASIENTOS DE SYB', NULL, NULL),
(224, 'PLAZA CHIODI', 'COCHABAMBA Y BAYO - VALPARAISO Y COCHABAMBA', 'O04', 'OESTE', '-32.951078', '-60.685751', 'REPONER ASIENTOS DE HAMACAS, PINTAR BANCOS.', NULL, NULL),
(225, 'PLAZA DE LA INFANCIA', 'AV. 27 DE FEBRERO Y P. ROSAS', 'O05', 'OESTE', '', '', 'RETIRAR CANALETA', NULL, NULL),
(226, 'PLAZA S/N', 'COLOMBRES Y L. BAUMAN', 'O06', 'OESTE', '-32.963508', '-60.724736', 'REPONER 3 GOMAS DE HAMACAS Y 2 SYB', NULL, NULL),
(227, 'PLAZA S/N', 'VANZO Y CAMINO LIMITE', 'O07', 'OESTE', '-32.964339', '-60.732681', 'REPONER 6 GOMAS DE HAMACAS, REPARAR GIMNASIO, PINTAR ARCOS.', NULL, NULL),
(228, 'PLAZA J. F. ROSETTI', 'AMENABAR Y R. LAGOS', 'O08', 'OESTE', '-32.963191', '-60.717131', 'REPONER BANCOS Y ARCOS.', NULL, NULL),
(229, 'PLAZA RIVAROLA', 'AV. RIVAROLA Y FADER', 'O09', 'OESTE', '-32.966072', '-60.722625', '', NULL, NULL),
(230, 'PLAZOLETA C. FARRARELLO DE PINO', 'PELLEGRINI Y CASTELLANOS', 'O10', 'OESTE', '-32.950857', '-60.677729', '', NULL, NULL),
(231, 'PLAZA SARGENTO CABRAL', 'CRESPO Y AV. PELLEGRINI', 'O11', 'OESTE', '-32.952207', '-60.671667', 'LA PLAZA FUE REMODELADA', NULL, NULL),
(232, 'PLAZA 2 DE ABRIL', 'AV. PTE. PERÓN Y LA PAZ', 'O12', 'OESTE', '-32.957335', '-60.680344', 'REPONER PLANTAS, TUZAR ARBUSTOS', NULL, NULL),
(233, 'PLAZA S/N', 'AV. PTE. PERÓN E IRIONDO', 'O13', 'OESTE', '-32.95631', '-60.673491', '', NULL, NULL),
(234, 'PLAZOLETA AGRIGENTO', 'CONSTITUCIÓN Y AV. PTE. PERÓN', 'O14', 'OESTE', '-32.956778', '-60.677782', '', NULL, NULL),
(235, 'PLAZA S/N', 'VALPARAISO Y A. OLIVA', 'O15', 'OESTE', '-32.966537', '-60.689002', 'REALIZAR NUEVA', NULL, NULL),
(236, 'PLAZA S/N', 'SANGUINETTI Y COMANDO 602', 'O16', 'OESTE', '', '', 'CEPAS PARA LEVANTAR', NULL, NULL),
(237, 'PLAZA GESTA DE MALVINA', 'AV VAZQUEZ Y MAGALLANES', 'O17', 'OESTE', '-32.977385', '-60.703453', 'COLOCAR MODULO NUEVO, REFORESTAR', NULL, NULL),
(238, 'PLAZA DEL ACUERDO', 'ESPINILLO Y MARADONA', 'O18', 'OESTE', '-32.979707', '-60.698663', 'REALIZAR PUENTES DE ACCESO, REPONER 2 SYB Y 2 GOMAS DE HAMACAS', NULL, NULL),
(239, 'CANCHA DE FUTBOL', 'ROUILLÓN Y ABORÍGENES ARGENTINOS', 'O19', 'OESTE', '-32.980979', '-60.700487', '', NULL, NULL),
(240, 'CANCHA DE FUTBOL', 'QOM Y TACAI', 'O20', 'OESTE', '-32.98184', '-60.704097', '', NULL, NULL),
(241, 'PLAZA S/N (BARRIO TOBA)', 'ABORÍGENES ARGENTINOS Y QOM', 'O21', 'OESTE', '-32.981071', '-60.704416', '', NULL, NULL),
(242, 'CANCHA DE FUTBOL', 'MARADONA Y PAMALO', 'O22', 'OESTE', '-32.980038', '-60.707622', '', NULL, NULL),
(243, 'PLAZA S/N', 'BV. SEGUI Y MARTINO', 'O23', 'OESTE', '-32.970943', '-60.702268', 'CAMBIAR LANZA, FALTA 1 SYB. REPARAR PISTA DE SKATE', NULL, NULL),
(244, 'PLAZA S/N (BARRIO SANTA LUCIA)', 'COLECTORA Y ESTEBAN AGUILAR', 'O24', 'OESTE', '-32.956414', '-60.721049', 'RETIRAR CANALETA, FALTA ESCALON DEL TREPADOR, REPARAR PORTICO DE SYB Y CAMBIAR ASIENTOS.', NULL, NULL),
(245, 'PLAZA S/N', 'PJE. 1852 Y JUAN XXIII', 'O25', 'OESTE', '-32.973319', '-60.704438', 'FALTA PERNO DE CANALETA, FALTAN MADERAS DEL PASAMANO', NULL, NULL),
(246, 'PLAZA S/N', 'MAGALLANES Y A. RIVERO', 'O26', 'OESTE', '-32.974669', '-60.703086', 'CAMBIAR CANALETA, REPONER SYB Y TREPADOR. ', NULL, NULL),
(247, 'PLAZA S/N', 'MARADONA Y PJE. 1864', 'O27', 'OESTE', '-32.980072', '-60.710009', 'REPONER MADERAS DE BANCOS, ', NULL, NULL),
(248, 'PLAZA DE LAS LUCES', 'VALPARAISO Y AV. PELLEGRINI', 'O28', 'OESTE', '-32.949812', '-60.684268', '', NULL, NULL),
(249, 'PLAZA S/N', 'PEDRO LINO FUNES Y AV. PELLEGRINI', 'O29', 'OESTE', '-32.94851', '-60.700664', '', NULL, NULL),
(250, 'PLAZOLETA HOM. TTE. GRAL. JUAN D. PERÓN', 'AV. PRESIDENTE PERÓN Y BV. AVELLANEDA', 'O30', 'OESTE', '-32.957805', '-60.684163', '', NULL, NULL),
(251, 'PLAZA S/N', 'BV. SEGUI Y CALCHAQUI', 'O31', 'OESTE', '-32.970545', '-60.698092', 'VER MOVIMIENTOS VIEJOS, PATA DE PORTICO DE HAMACA DOBLADA', NULL, NULL),
(252, 'PLAZA S/N', 'QUINTA BISELLI Y AV. ROUILLON', 'O32', 'OESTE', '-32.972206', '-60.700849', 'CAMBIAR PORTICO DE HAMACAS.', NULL, NULL),
(253, 'PLAZA S/N', 'TTE. AGNETA Y RIOBAMBA', 'O33', 'OESTE', '-32.954117', '-60.699197', 'INGRESAN VEHICULOS A LA PLAZA POR COCHERAS. SACAR 2 CAÑOS QUE ERAN TREPADOR, 4 LANZAS DE HAMACAS SOLAS.', NULL, NULL),
(254, 'PLAZA S/N', 'SAAVEDRA Y ANCÓN', 'O34', 'OESTE', '-32.970162', '-60.689179', 'REPONER 2 GOMAS DE HAMACAS, RETIRAR CUERPO DE CALESITA, CANALETA PICADA.', NULL, NULL),
(255, 'PLAZA S/N', 'URUGUAY Y FELIPE MORE', 'O35', 'OESTE', '-32.968092', '-60.692593', 'REPONER 1 GOMA DE HAMACA Y 1 SYB. SEGURIDAD-', NULL, NULL),
(256, 'PLAZA S/N', 'CHARCAS Y NICARAGUA', 'O36', 'OESTE', '-32.951704', '-60.72014', 'SOLDAR ESCALÓN DE TREPADOR Y 1 CADENA', NULL, NULL),
(257, 'PLAZA LOS HUMITOS', 'HERMANA PAULA Y CALLE 1717', 'O37', 'OESTE', '', '', '', NULL, NULL),
(258, 'PLAZA S/N', 'DEAN FUNES Y COLOMBRES G.', 'O38', 'OESTE', '-32.967747', '-60.724557', 'REPONER 4 GOMAS DE HAMACAS, Y UNA TAPA DE MESA', NULL, NULL),
(259, 'PLAZA DEL PENAL', 'AV. LAS PALMERAS Y EL ZORZAL', 'O39', 'OESTE', '', '', '', NULL, NULL),
(260, 'PLAZA S/N', 'JUAN XXIII Y PJE. 1866', 'O40', 'OESTE', '-32.97334', '-60.712361', 'REPARAR TREPADOR, 2 ARCOS DE FÚTBOL PARA PINTAR', NULL, NULL),
(261, 'PLAZA S/N', 'JUAN XXIII Y PROV. UNIDAS', 'O41', 'OESTE', '-32.9734', '-60.711264', 'PRESENCIA DE AUTOS ABANDONADOS Y CHATARRA. REPONER 1 ASIENTO DE SYB', NULL, NULL),
(262, 'PLAZA LOS AMIGOS', 'BV. SEGUI Y FRAGA', 'O42', 'OESTE', '-32.970765', '-60.709067', 'REPONER 3 GOMAS DE HAMACA, RETIRAR LA BASE DE UN CESTO, 2 ARCOS DE FÚTBOL PARA PINTAR.', NULL, NULL),
(263, 'PLAZA S/N', 'DR. RIVA Y COMANDO 602', 'O43', 'OESTE', '', '', 'FALTA 1 LANZA. 2 ARCOS DE FÚTBOL PARA PINTAR, LEVANTAR BANCOS Y REPONER TAPAS DE MESAS', NULL, NULL),
(264, 'PLAZA S/N', 'BIEDMA AL 4900', 'O44', 'OESTE', '-32.97399', '-60.689034', '', NULL, NULL),
(265, 'PLAZA ARGENTINA', 'GARAY Y MANUEL SASTRE', 'SO01', 'SUDOESTE', '-32.970006', '-60.670585', 'REPONER GOMAS DE HAMACAS, CANALETA PICADA Y MUY ALTA. REPONER 1 MADERA DE BANCO, RETIRAR DOS TONES', NULL, NULL),
(266, 'PLAZA JOSÉ CONDOR CARQUI', 'DEAN FUNES E IRIONDO', 'SO02', 'SUDOESTE', '-32.970393', '-60.67648', '', NULL, NULL),
(267, 'PLAZA S/N', 'CONSTITUCIÓN Y DEAN FUNES', 'SO03', 'SUDOESTE', '-32.968827', '-60.682064', '', NULL, NULL),
(268, 'PLAZA GALICIA', 'BIEDMA Y SUIPACHA', 'SO04', 'SUDOESTE', '-32.977226', '-60.67228', 'REPONER 12 MADERAS DE BANCOS. MUCHOS HORMIGUEROS', NULL, NULL),
(269, 'PLAZA SANTA ISABEL DE HUNGRÍA', 'GARIBALDI E IRIONDO', 'SO05', 'SUDOESTE', '', '', 'REPONER 24 PAÑOS DEL CERCO Y LAS DOS PUERTAS. REPONER 1 ASIENTO DE SYB Y DOS LANZAS PICADAS.', NULL, NULL),
(270, 'PLAZA R. PRETTEL', 'COLEGIALES Y M. RODRIGUEZ', 'SO06', 'SUDOESTE', '-32.98611', '-60.669954', 'REPONER 2 GOMAS DE HAMACAS, FALTA 1 ASIENTO DE SYB', NULL, NULL),
(271, 'PLAZA S/N', 'CAMINO VIEJO A SOLDINI Y BIARRIZ', 'SO07', 'SUDOESTE', '-33.025996', '-60.684771', 'ENDEREZAR TREPADOR.', NULL, NULL),
(272, '9 PLAZAS INTERNAS', 'COMPRENDIDAS ENTRE NAHUEL HUAPI, LAGUNA DEL DESIERTO R. LIST', 'SO08', 'SUDOESTE', '-32.982539', '-60.685342', '', NULL, NULL),
(273, 'PLAZA MATHEU', 'CALLAO Y ESTEBAN DE LUCA', 'SO09', 'SUDOESTE', '-32.995883', '-60.671692', '', NULL, NULL),
(274, 'PLAZA EL INDIO', 'BOMAN Y AV. FRANCIA (CANTERO CENTRAL)', 'SO10', 'SUDOESTE', '-32.998812', '-60.67786', 'CAMBIAR DOS HAMACAS, VER MOVIMIENTOS', NULL, NULL),
(275, 'PLAZA 17 DE AGOSTO', 'REGIMIENTO 11 Y CALLAO', 'SO11', 'SUDOESTE', '-32.999767', '-60.671774', 'REPONER 1 ASIENTO DE SYB Y UNA HAMACA, LEVANTAR 1 BANCO,', NULL, NULL),
(276, 'PLAZA YUGOSLAVIA', 'AV. ARIJÓN Y SUAREZ', 'SO12', 'SUDOESTE', '-33.003628', '-60.662135', 'VER MOVIMIENTOS DE HAMACAS.', NULL, NULL),
(277, 'ESPACIO DE CONVIVENCIA BARRIO SAN MARTIN A', 'VILLEGAS Y PIEDRAS', 'SO13', 'SUDOESTE', '-33.006875', '-60.652655', 'VER MOVIMIENTOS DE HAMACAS.', NULL, NULL),
(278, 'CENTRAL BARRIO TIO ROLO', 'CAMINITO Y 2106', 'SO14', 'SUDOESTE', '', '', '', NULL, NULL),
(279, 'PLAZA EVITA', 'MADRE CABRINI Y TABARES', 'SO15', 'SUDOESTE', '-33.006474', '-60.671585', 'REPARAR MANIJA DE SYB', NULL, NULL),
(280, 'PLAZA MARÍE S. CURIE', 'BATTLE ORDOÑEZ Y ESPAÑA', 'SO16', 'SUDOESTE', '-33.009362', '-60.657444', 'PINTAR MOBILIARIO, REIRAR CUERPO DE HAMACA INCLUSIVA, REFORESTAR 8 ÁRBOLES.', NULL, NULL),
(281, 'PLAZA RAMÓN MERLO', 'KANTUTA Y PJE 516', 'SO17', 'SUDOESTE', '-33.013146', '-60.660352', 'AGREGAR MÓDULO DE PLAZA', NULL, NULL),
(282, 'ESPACIO DE CONVIVENCIA Bº 17 DE AGOSTO', 'MORENO Y BATTLE Y ORDOÑEZ', 'SO18', 'SUDOESTE', '-33.009496', '-60.661353', 'PRESENTA PISTA DE SKATE', NULL, NULL),
(283, 'PLAZA S/N', 'ROSA BLANCA Y MALVÓN', 'SO19', 'SUDOESTE', '-33.018318', '-60.659502', 'PRESENTA DOS ARCOS DE FÚTBOL.', NULL, NULL),
(284, 'PLAZA NUESTRA SEÑORA DE ITATÍ', 'ROSA SILVESTRE Y FLOR DE NÁCAR', 'SO20', 'SUDOESTE', '-33.018954', '-60.660247', 'REPONER DOS GOMAS DE HAMACAS.', NULL, NULL),
(285, 'PLAZA DE LA AMISTAD', 'AV. DEL ROSARIO Y CONSTITUCIÓN', 'SO21', 'SUDOESTE', '-33.001453', '-60.686166', 'LEVANTAR BANCOS Y PINTAR, REPONER ASIENTOS DE SYB, RETIRAR SYB DE COCA-COLA E INSTALAR TREPADOR', NULL, NULL),
(286, 'PLAZA DEL TRIANGULO', 'R. LISTA Y LAPRADE', 'SO22', 'SUDOESTE', '-32.983227', '-60.679606', 'CAMBIAR LOS TORNILLOS DEL SYB', NULL, NULL),
(287, 'PLAZA ACINDAR', 'CIPOLETTI Y WINTER', 'SO23', 'SUDOESTE', '-32.984929', '-60.68716', '', NULL, NULL),
(288, 'PLAZA S/N', 'AV. FRANCIA Y GARIBALDI', 'SO24', 'SUDOESTE', '-32.981089', '-60.674906', '', NULL, NULL),
(289, 'PLAZA S/N', 'IRIONDO Y PJE 1217', 'SO25', 'SUDOESTE', '', '', 'REPONER 1 ASIENTO DE STB Y UNA TABLA DE LA TORRE', NULL, NULL),
(290, 'PLAZA S/N', 'OROÑO Y AMEGHINO', 'SO26', 'SUDOESTE', '-32.984153', '-60.663636', 'REPONER 1 ASIENTO DE SYB, CAMBIAR MADERA DE TOBOGÁN Y REPARAR TEJIDO DEL PLAYÓN.', NULL, NULL),
(291, 'PLAZA S/N', 'OROÑO AL 4700', 'SO27', 'SUDOESTE', '-32.992374', '-60.665384', '', NULL, NULL),
(292, 'PLAZA S/N', 'AVELLANEDA AL 4800', 'SO28', 'SUDOESTE', '-32.997443', '-60.688643', '', NULL, NULL),
(293, 'ESPACIO DE CONVIVENCIA BARRIO ITATI', 'PUEYRREDON Y GARIBALDI', 'SO29', 'SUDOESTE', '-32.982744', '-60.667134', 'PRESENTA 2 ARCOS DE FÚTBOL PARA PINTAR. REFORESTAR', NULL, NULL),
(294, 'PLAZA S/N', 'LAMADRID Y OV. LAGOS', 'SO30', 'SUDOESTE', '-32.997781', '-60.675953', 'REPARAR ESCALÓN DE TREPADOR, NIVELAR TERRENO. ', NULL, NULL),
(295, 'PLAZOLETAS CARLOS CASADO', 'OV. LAGOS Y HOPKINS - AV. FRANCIA Y HOPKINS', 'SO31', 'SUDOESTE', '-32.972956', '-60.673161', '', NULL, NULL),
(296, 'PLAZA S/N', 'CRESPO Y SABATTINI (EX LA VINCHA)', 'SO32', 'SUDOESTE', '-32.986181', '-60.679377', 'REPONER 1 GOMA DE HAMACA, REPARAR 1 ESCALÓN DE TREPADOR Y TIENE 2 ARCOS DE FÚTBOL PARA PINTAR', NULL, NULL),
(297, 'PLAYON BARRIO HUME', 'BV. AVELLANEDA Y SANCHEZ DE BUSTAMANTE', 'SO33', 'SUDOESTE', '-33.002716', '-60.689209', 'EXTRAER PÓRTICO, TREPADOR, TOBOGÁN Y PASAMANOS. ', NULL, NULL),
(298, 'PLAZA S/N', 'MORENO Y O. ANDRADE', 'SO34', 'SUDOESTE', '-32.996085', '-60.660799', 'RETIRAR TOBOGÁN', NULL, NULL),
(299, 'ESPACIO DE CONVIVENCIA DISTRITO SUDOESTE', 'O. ANDRADE Y B. SUAREZ', 'SO35', 'SUDOESTE', '-32.996143', '-60.662022', 'REPARAR 1 ESCALÓN DEL TREPADOR, REPONER 4 ASIENTOS DE SYB', NULL, NULL),
(300, 'PLAZA 17 DE AGOSTO', 'ARRIETA Y MORENO', 'SO36', 'SUDOESTE', '-33.009988', '-60.661304', 'REPONER 2 LANZAS.', NULL, NULL),
(301, 'PLAZA S/N', 'KANTHUTA Y MORENO', 'SO37', 'SUDOESTE', '-33.012199', '-60.661201', '', NULL, NULL),
(302, 'PLAZA S/N', 'ACOYTE Y HUMAHUACA', 'SO38', 'SUDOESTE', '-33.011396', '-60.653505', '', NULL, NULL),
(303, 'PLAZA S/N', 'PTE. ROCA 6600', 'SO39', 'SUDOESTE', '-33.014304', '-60.655424', 'FALTA 1 TREPADOR', NULL, NULL),
(304, 'PLAZA PIAMONTE', 'PIAMONTE 2900 (OV. LAGOS 7500)', 'SO40', 'SUDOESTE', '-33.026552', '-60.678834', 'FALTAN TABLAS DE BANCOS, REPONER 2 ASIENTOS DE SYB', NULL, NULL),
(305, 'PLAZA DEL PIRATA', 'AVELLANEDA Y CAMINITO (EX 2103)', 'SO41', 'SUDOESTE', '-33.018519', '-60.689052', '', NULL, NULL),
(306, 'PLAZA S/N', 'CRESPO Y PJE. 1217', 'SO42', 'SUDOESTE', '-32.988607', '-60.680626', 'REPONER 4 GOMAS DE HAMACAS Y PERNO DE CANALETA', NULL, NULL),
(307, 'PLAZA S/N', 'KANTHUTA Y SAN MARTIN', 'SO43', 'SUDOESTE', '-33.011848', '-60.651475', 'REPONER 1 ASIENTO DE SYB', NULL, NULL),
(308, 'PLAZA DR. CESAR TABARES', 'CALLAO Y CAZADORES', 'SO44', 'SUDOESTE', '-33.00457', '-60.671305', '', NULL, NULL),
(309, 'PLAZA 27 DE FEBRERO', 'CLAVEL Y ESTRELLA FEDERAL', 'SO45', 'SUDOESTE', '-33.020431', '-60.66201', '', NULL, NULL),
(310, 'PLAZA S/N', 'BV. OROÑO Y ROSA SILVESTRE', 'SO46', 'SUDOESTE', '-33.018893', '-60.663116', '', NULL, NULL),
(311, 'PLAZA S/N', 'LAGUNA DEL DESIERTO 3855', 'SO47', 'SUDOESTE', '-32.982694', '-60.68639', 'PRESENTA PÓRTICO DE SYB Y PASAMANOS', NULL, NULL),
(312, 'PLAZA S/N', 'SABATTINI Y VERA MUJICA', 'SO48', 'SUDOESTE', '-32.986118', '-60.677874', 'REPONER 4 ASIENTOS DE SYB', NULL, NULL),
(313, 'PLAZA S/N', 'AV. FRANCIA Y ESTADO DE ISRAEL', 'SO49', 'SUDOESTE', '-32.992994', '-60.67811', '', NULL, NULL),
(314, 'PLAZA S/N', 'AV. FRANCIA Y AV. URIBURU', 'SO50', 'SUDOESTE', '-32.990883', '-60.677935', 'AGREGAR PETRILES', NULL, NULL),
(315, 'LUCIO FONTANA', '1ª JUNTA Y AV. 27 DE FEBRERO ', 'S01', 'SUR', '-32.968689', '-60.640344', 'PRESENTA PISTA DE SKATE', NULL, NULL),
(316, 'PLAZA ERNESTO "CHE" GUEVARA', 'LAPRIDA Y AV. 27 DE FEBRERO (PARQUE IRIGOYEN)', 'S02', 'SUR', '-32.968946', '-60.638912', '', NULL, NULL),
(317, 'PLAZA BIBLIOTECA CONSTANCIO C. VIGIL', 'GÁLVEZ Y ALEM', 'S03', 'SUR', '-32.972096', '-60.634958', 'PRESENTA CANCHAS DE BOCHAS', NULL, NULL),
(318, 'PLAZA DR. INGALLINELLA', 'ALEM Y VIRASORO', 'S04', 'SUR', '-32.971871', '-60.634556', '', NULL, NULL),
(319, 'PLAZA GÜEMES', 'VIRASORO Y AV. SAN MARTIN', 'S05', 'SUR', '-32.971097', '-60.642479', 'RAICES DE ÁRBOL CAIDO FRENTE HAMACA', NULL, NULL),
(320, 'PLAZOLETA POSTA DEL ROSARIO', 'AYACUCHO Y AMENABAR', 'S06', 'SUR', '-32.974819', '-60.633356', '', NULL, NULL),
(321, 'PLAZOLETA RAFAEL VILLAFUERTE', 'GABOTO Y AYACUCHO', 'S07', 'SUR', '-32.975978', '-60.633635', '', NULL, NULL),
(322, 'PLAZOLETA UN RINCON DE TABLADA', 'GARAY Y AYACUCHO', 'S08', 'SUR', '-32.977087', '-60.633941', '', NULL, NULL),
(323, 'PLAZA EVA DUARTE DE PERÓN', 'DEAN FUNES Y AYACUCHO', 'S09', 'SUR', '-32.978349 ', '-60.633667', 'CANALETA PICADA. RETIRAR CEPA. REPONER 2 TABLAS DE BANCOS Y 1 ASIENTO DE SYB', NULL, NULL),
(324, 'PLAZA SAAVEDRA', 'URUGUAY Y DORREGO', 'S10', 'SUR', '-32.975465', '-60.656353', '', NULL, NULL),
(325, 'PLAZA GRAL. TORIBIO DE LUZURIAGA', 'AYOLAS Y AV. SAN MARTIN', 'S11', 'SUR', '-32.977339', '-60.644079', 'PRESENTA FUENTE EN BUEN ESTADO', NULL, NULL),
(326, 'PLAZOLETA CORONA MARTINEZ', 'SAAVEDRA Y AV. SAN MARTIN', 'S12', 'SUR', '-32.977866', '-60.644353', 'FALTA HAMACA INCLUSIVA', NULL, NULL),
(327, 'PLAZA TARRAGO ROS', '24 DE SEPTIEMBRE Y LAPRIDA', 'S13', 'SUR', '-32.981133', '-60.64197', 'COLOCAR 1 GOMA DE HAMACAS', NULL, NULL),
(328, 'PLAZOLETA DE LOS NIÑOS Y LAS NIÑAS', 'CENTENO Y PATRICIAS ARGENTINAS', 'S14', 'SUR', '-32.986978', '-60.634874', '', NULL, NULL),
(329, 'PLAZA S/N', 'TERMOPOLIS Y PINEDA', 'S15', 'SUR', '-33.018735', '-60.645457', 'PEQUEÑA PICADURA EN CANALETA, REPONER 2 ASIENTOS DE SYB', NULL, NULL),
(330, 'PLAZA DE LA RESISTENCIA', 'AV. GRANDOLI Y ERCILIA', 'S16', 'SUR', '-32.986478', '-60.628072', 'DESPEJE DE LUMINARIAS', NULL, NULL),
(331, 'PLAZA JOSE HERNANDEZ', 'AZARA Y LAPRIDA', 'S17', 'SUR', '-32.993889', '-60.645296', 'PRESENTA JUEGOS DE COCA-COLA. REPONER 2 MESAS', NULL, NULL),
(332, 'PLAZA S/N', 'AV. AYACUCHO Y ESTEBAN DE LUCAS', 'S18', 'SUR', '-32.994146', '-60.636509', 'CAÑO DEL PORTICO DOBLADO, REPONER 1 GOMA DE HAMACA Y 1 ASIENTO DE SYB', NULL, NULL),
(333, 'PLAZA RODOLFO WALSH', 'ISOLA Y PJE. MAESTRO SANTAFESINO', 'S19', 'SUR', '-32.991464', '-60.622439', 'REPONER 1 GOMA DE HAMACAS', NULL, NULL),
(334, 'PLAZA LAS HERAS', 'BERMUDEZ Y REGIMIENTO 11', 'S20', 'SUR', '-32.999158', '-60.642935', 'REPONER MADERAS EN CAMA DE ABDOMINALES. HAMACA CON LANZA DOBLADA. TERMINAR LA EXTRACCIÓN DE 2 EUCALIPTOS', NULL, NULL),
(335, 'PLAZA O''HIGGINS', 'CASTRO BARROS Y AV. DEL ROSARIO', 'S21', 'SUR', '-32.998721', '-60.629047', 'RETIRAR ARBOLES DESCOPADOS. REPONER 1 GOMA DE HAMACA. PIE DE CANALETA TIENE UNA PEQUEÑA PICADURA', NULL, NULL),
(336, 'PLAZA COSTARELLI', 'PJE. ZINNY Y AV. DEL ROSARIO', 'S22', 'SUR', '-32.998757', '-60.630136', '', NULL, NULL),
(337, 'PLAZA A. OLMOS', 'AV. ARIJON Y AV. ARGENTINA', 'S23', 'SUR', '-33.002035', '-60.624778', 'LEVANTAR RAMAS', NULL, NULL),
(338, 'PLAZA CABRERA', 'AV. ARGENTINA Y AV. DEL ROSARIO', 'S24', 'SUR', '-32.999268', '-60.624427', 'PINTAR MOBILIARIO, EXTRAER ÁLAMO DESCOPADO', NULL, NULL),
(339, 'PLAZOLETA M. DE ARIJON', 'M. T. ALVEAR Y AV. ARIJÓN (PARQUE SUR, VELODROMO)', 'S25', 'SUR', '-33.002343', '-60.623355', 'VEHICULO ABANDONADO SOBRE PLAZA, PALO BORRACHO CAIDO.', NULL, NULL),
(340, 'PLAZA OKSANICH', 'CENTENARIO Y ANDES (PARQUE SUR)', 'S26', 'SUR', '-33.003733', '-60.62632', 'PINTAR CESTOS, VER PARA INCORPORAR BANCOS.', NULL, NULL),
(341, 'PLAZOLETA J. PENINA', 'LAINEZ Y BAUMES (PARQUE SUR)', 'S27', 'SUR', '-33.004984', '-60.62931', 'CAMBIAR MOVIMIENTOS DE SYB, CAMBIAR SYB.', NULL, NULL),
(342, 'PLAZA H. MANZI', 'LAINEZ Y SALVA', 'S28', 'SUR', '-33.005384', '-60.640296', 'NIVELAR TERRENO, RETIRAR ESCOMBROS, RETIRAR DOS TOCONES DE SIEMPRE VERDE. LEVANTAR BASURA', NULL, NULL),
(343, 'PLAZA ROSA LUXEMBURGO', 'MELINCUE Y CAUPOLICAN', 'S29', 'SUR', '-33.009988', '-60.647641', 'CERCO NO PRESENTA PUERTA Y TIENE 8 PAÑOS ROTOS, REPONER 1 GOMA DE HAMACA', NULL, NULL),
(344, 'PLAZA PROVINCIA DE CORRIENTES', 'ALZUGARAY Y BUENOS AIRES', 'S30', 'SUR', '-33.012564', '-60.644196', 'REPONER 1 GOMA DE HAMACA', NULL, NULL),
(345, 'PLAZA S/N', 'BOQUERON Y BERMUDEZ', 'S31', 'SUR', '-33.014246', '-60.642529', 'REPONER 1 GOMA DE HAMACA', NULL, NULL),
(346, 'PLAZA S/N', 'PASAJE 525 Y OUTES', 'S32', 'SUR', '-33.01365', '-60.64114', '', NULL, NULL),
(347, 'PLAZA FLAMMARIÓN', 'JOSE MARGUI Y REGIMIENTO 11', 'S33', 'SUR', '-32.999261', '-60.656721', '', NULL, NULL),
(348, 'PLAZA DE LOS DERECHOS HUMANOS', 'CORRIENTES Y ESTEBAN DE LUCAS', 'S34', 'SUR', '-32.994613', '-60.653063', 'PRESENTA CANCHA DE FÚTBOL, REPONER TOBOGÁN, CAMBIAR DOS SYB', NULL, NULL),
(349, 'PLAZA S/N', 'COLECTORA Y AV. DEL ROSARIO', 'S35', 'SUR', '-32.99864', '-60.618215', 'REPONER GOMA DE HAMACA, CAMBIAR MOVIMIENTOS DE SYB', NULL, NULL),
(350, 'PLAZA S/N', 'BATTLE ORDOÑEZ (ENTRE LAPRIDA Y C. BERNARDI)', 'S36', 'SUR', '-33.009001', '-60.646299', '', NULL, NULL),
(351, 'PLAZA S/N', 'MELINCUE (ENTRE BATTLE ORDOÑEZ Y CAUPOLICAN)', 'S37', 'SUR', '-33.009404', '-60.647467', 'COCHERA ATRAVESANDO PLAZA', NULL, NULL),
(352, 'PLAZA S/N', 'BATTLE ORDOÑEZ (ENTRE BS. AS. Y C. BERNARDI)', 'S38', 'SUR', '-33.008902', '-60.645392', 'CAMBIAR CUERPO DE SYB', NULL, NULL),
(353, 'PLAZA S/N', 'LOZZIA 6600', 'S39', 'SUR', '-33.014363', '-60.638172', 'REALIZAR 2 ARCOS DE FÚTBOL 5, PROYECTAR PISTA DE SKATE', NULL, NULL),
(354, 'PLAZA S/N', 'MILAN Y MARGIS', 'S40', 'SUR', '-32.988058', '-60.663958', '', NULL, NULL),
(355, 'PLAZA S/N', 'RUEDA Y BUENOS AIRES (PARQUE IRIGOYEN)', 'S41', 'SUR', '-32.971547', '-60.638204', '', NULL, NULL),
(356, 'PARQUE ITALIA', '27 DE FEBRERO 300BIS.', 'S42', 'SUR', '-32.971133', '-60.622652', 'REPONER 3 TABLAS DE BANCOS, CAMBIAR CADENAS, BARANDAS ROTAS, REPARAR 1 ARCO, RETIRAR BASE DE CESTO Y TOCONES ENTRE MASTILES, SACAR 1 CESTO. REFORESTAR', NULL, NULL),
(357, 'PLAZA RODRIGO GUTIERREZ', 'ISOLA 300BIS', 'S43', 'SUR', '', '', 'AUTOS ABANDONADOS', NULL, NULL),
(358, 'PLAZA S/N', 'ALEM Y URIBURU', 'S44', 'SUR', '-32.990218', '-60.63855', 'MOVIMIENTOS VIEJOS', NULL, NULL),
(359, 'PLAZA S/N', 'SAN MARTÍN Y PLATÓN', 'S45', 'SUR', '-33.019603', '-60.65264', 'REPONER 3 LANZAS (2 FALTAN, 1 PODRIDA), ADEMÁS TIENE UNA LANZA FLOJA.REPONER 3 ASIENTOS DE SYB', NULL, NULL),
(360, 'PLAZA S/N', 'CENTENO Y RIO ATUEL', 'S46', 'SUR', '-32.987675', '-60.623241', 'REPONER 2 ASIENTOS DE SYB', NULL, NULL),
(361, 'PLAZA S/N', 'GARIBALDI Y ENTRE RIOS', 'S47', 'SUR', ' -32.985387', '-60.650734', '', NULL, NULL);
INSERT INTO `informacion_plazas` (`id_plaza`, `nombre`, `direccion`, `codigo`, `distrito`, `latitud`, `longitud`, `observaciones`, `created_at`, `updated_at`) VALUES
(362, 'PLAZA  S/N', 'URIBURU E HIPOCRATES', 'S48', 'SUR', '-32.990533', '-60.632563', '', NULL, NULL),
(363, 'PLAZOLETA 411', 'CENTENO Y GABINO SOSA', 'S49', 'SUR', '-32.985641', '-60.642683', '', NULL, NULL),
(364, 'PLAZA S/N', 'MESSINA Y MOLLIERE', 'S50', 'SUR', '-33.000462', '-60.616848', '', NULL, NULL),
(365, 'PLAZA S/N', 'LAPRIDA AL 6300', 'S51', 'SUR', '-33.010413', '-60.646857', 'REPONER 1 ASIENTO DE SYB Y BAJAR LA ALTURA', NULL, NULL),
(366, 'PLAZA S/N', 'LAPRIDA AL 6200', 'S52', 'SUR', '-33.009383', '-60.646825', '', NULL, NULL),
(367, 'PLAZA S/N', 'LOZZIA Y GUILLERMO TELL', 'S53', 'SUR', '', '', '', NULL, NULL),
(368, 'PLAZA S/N', 'PJE. 525 Y FRIAS', 'S54', 'SUR', '-33.011727', '-60.636988', 'REPONER 2 ASIENTOS DE SYB', NULL, NULL),
(369, 'PLAZA S/N', 'JUAN MANUEL DE ROSAS Y CASABLANCA', 'S55', 'SUR', '-32.980982', '-60.640177', 'CANALETA PICADA', NULL, NULL);

INSERT INTO `mobiliario_plazas` (`id_plaza`, `hamaca`, `subeybaja`, `tobogan`, `trepador`, `circuitos_aerobicos`, `pasamanos`, `multijuego`, `hamaca_inclusiva`, `playon`, `bebedero`, `created_at`, `updated_at`) VALUES
(1, 0, 0, 0, 0, 0, 0, 0, 0, 0, 0, NULL, NULL),
(2, 0, 0, 0, 0, 0, 0, 0, 0, 0, 0, NULL, NULL),
(3, 0, 0, 0, 0, 0, 0, 0, 0, 0, 0, NULL, NULL),
(4, 2, 3, 1, 1, 0, 0, 0, 0, 0, 1, NULL, NULL),
(5, 0, 0, 0, 0, 0, 0, 0, 0, 0, 0, NULL, NULL),
(6, 0, 0, 0, 0, 0, 0, 0, 0, 0, 1, NULL, NULL),
(7, 2, 2, 1, 0, 0, 1, 0, 0, 0, 1, NULL, NULL),
(8, 0, 0, 0, 0, 0, 0, 0, 0, 0, 0, NULL, NULL),
(9, 0, 0, 0, 0, 0, 0, 0, 0, 0, 0, NULL, NULL),
(10, 6, 4, 1, 0, 0, 0, 0, 0, 0, 0, NULL, NULL),
(11, 0, 0, 0, 0, 0, 0, 0, 0, 0, 0, NULL, NULL),
(12, 0, 0, 0, 0, 0, 0, 0, 0, 0, 0, NULL, NULL),
(13, 0, 0, 0, 0, 1, 0, 0, 0, 0, 0, NULL, NULL),
(14, 10, 2, 1, 0, 0, 0, 0, 0, 0, 0, NULL, NULL),
(15, 6, 2, 0, 1, 0, 0, 0, 0, 0, 1, NULL, NULL),
(16, 9, 1, 1, 1, 0, 1, 0, 0, 0, 1, NULL, NULL),
(17, 0, 0, 0, 0, 0, 0, 0, 0, 0, 0, NULL, NULL),
(18, 0, 0, 0, 0, 2, 0, 0, 0, 1, 2, NULL, NULL),
(19, 0, 0, 0, 0, 0, 0, 0, 0, 0, 0, NULL, NULL),
(20, 0, 0, 0, 0, 0, 0, 0, 0, 0, 0, NULL, NULL),
(21, 14, 6, 0, 0, 0, 0, 0, 0, 0, 0, NULL, NULL),
(22, 0, 0, 0, 0, 0, 0, 0, 0, 0, 0, NULL, NULL),
(23, 0, 0, 0, 0, 0, 0, 0, 0, 0, 0, NULL, NULL),
(24, 0, 0, 0, 0, 0, 0, 0, 0, 0, 1, NULL, NULL),
(25, 0, 0, 0, 0, 0, 0, 0, 0, 0, 0, NULL, NULL),
(26, 0, 0, 0, 0, 1, 0, 0, 0, 0, 0, NULL, NULL),
(27, 0, 0, 0, 0, 0, 0, 0, 0, 0, 0, NULL, NULL),
(28, 6, 2, 1, 0, 0, 0, 0, 0, 0, 0, NULL, NULL),
(29, 0, 0, 0, 0, 0, 0, 0, 0, 0, 0, NULL, NULL),
(30, 0, 0, 0, 0, 0, 0, 0, 0, 0, 0, NULL, NULL),
(31, 4, 3, 0, 0, 0, 0, 0, 0, 0, 0, NULL, NULL),
(32, 0, 0, 0, 0, 0, 0, 0, 0, 0, 0, NULL, NULL),
(33, 0, 0, 0, 0, 0, 0, 0, 0, 0, 0, NULL, NULL),
(34, 8, 8, 1, 1, 0, 0, 0, 0, 0, 1, NULL, NULL),
(35, 0, 0, 0, 0, 0, 0, 0, 0, 0, 0, NULL, NULL),
(36, 0, 0, 0, 0, 0, 0, 0, 0, 0, 0, NULL, NULL),
(37, 0, 0, 0, 0, 0, 0, 0, 0, 0, 0, NULL, NULL),
(38, 8, 2, 1, 0, 0, 0, 0, 1, 0, 0, NULL, NULL),
(39, 4, 4, 1, 0, 0, 0, 0, 1, 0, 0, NULL, NULL),
(40, 7, 4, 0, 1, 0, 0, 0, 0, 0, 0, NULL, NULL),
(41, 6, 2, 1, 0, 0, 0, 0, 0, 0, 0, NULL, NULL),
(42, 12, 0, 0, 0, 0, 0, 0, 0, 0, 0, NULL, NULL),
(43, 0, 2, 0, 1, 0, 0, 0, 0, 0, 0, NULL, NULL),
(44, 0, 0, 0, 0, 0, 0, 0, 0, 0, 0, NULL, NULL),
(45, 17, 4, 1, 0, 0, 0, 0, 0, 1, 1, NULL, NULL),
(46, 0, 0, 0, 0, 0, 0, 0, 0, 0, 0, NULL, NULL),
(47, 6, 1, 1, 0, 0, 0, 0, 0, 0, 0, NULL, NULL),
(48, 0, 0, 0, 0, 0, 0, 0, 0, 0, 1, NULL, NULL),
(49, 0, 0, 0, 0, 0, 0, 0, 0, 0, 0, NULL, NULL),
(50, 0, 0, 0, 0, 0, 0, 0, 0, 0, 1, NULL, NULL),
(51, 0, 0, 0, 0, 0, 0, 0, 0, 0, 0, NULL, NULL),
(52, 0, 0, 0, 0, 0, 0, 0, 0, 0, 0, NULL, NULL),
(53, 0, 0, 0, 0, 0, 0, 0, 0, 0, 0, NULL, NULL),
(54, 0, 0, 0, 0, 0, 0, 0, 0, 0, 0, NULL, NULL),
(55, 0, 0, 0, 0, 0, 0, 0, 0, 0, 0, NULL, NULL),
(56, 0, 0, 0, 0, 0, 0, 0, 0, 0, 0, NULL, NULL),
(57, 0, 0, 0, 0, 0, 0, 1, 0, 0, 1, NULL, NULL),
(58, 0, 0, 0, 0, 0, 0, 0, 0, 0, 0, NULL, NULL),
(59, 0, 0, 0, 0, 0, 0, 0, 0, 0, 0, NULL, NULL),
(60, 0, 0, 0, 0, 0, 0, 0, 0, 1, 0, NULL, NULL),
(61, 0, 0, 0, 0, 0, 0, 0, 0, 0, 0, NULL, NULL),
(62, 0, 0, 0, 0, 0, 0, 1, 0, 0, 0, NULL, NULL),
(63, 0, 0, 0, 0, 0, 0, 0, 0, 0, 0, NULL, NULL),
(64, 0, 0, 0, 0, 0, 0, 0, 0, 0, 1, NULL, NULL),
(65, 0, 0, 0, 0, 0, 0, 0, 0, 0, 0, NULL, NULL),
(66, 0, 0, 0, 0, 0, 0, 0, 0, 0, 0, NULL, NULL),
(67, 12, 4, 1, 2, 0, 0, 1, 0, 1, 0, NULL, NULL),
(68, 3, 0, 0, 0, 0, 0, 2, 4, 0, 1, NULL, NULL),
(69, 5, 4, 1, 2, 0, 1, 0, 0, 0, 0, NULL, NULL),
(70, 0, 0, 0, 0, 0, 0, 0, 0, 1, 1, NULL, NULL),
(71, 0, 0, 0, 0, 0, 0, 0, 0, 0, 0, NULL, NULL),
(72, 0, 0, 0, 0, 0, 0, 0, 0, 0, 0, NULL, NULL),
(73, 0, 0, 0, 0, 0, 0, 0, 0, 0, 1, NULL, NULL),
(74, 0, 0, 0, 0, 1, 0, 1, 0, 0, 1, NULL, NULL),
(75, 0, 0, 0, 0, 0, 0, 0, 0, 0, 0, NULL, NULL),
(76, 0, 0, 0, 0, 0, 0, 1, 0, 0, 0, NULL, NULL),
(77, 0, 0, 0, 0, 0, 0, 0, 0, 0, 0, NULL, NULL),
(78, 0, 0, 0, 0, 0, 0, 0, 0, 0, 0, NULL, NULL),
(79, 15, 4, 1, 0, 1, 1, 0, 0, 0, 1, NULL, NULL),
(80, 17, 8, 1, 0, 0, 0, 0, 0, 1, 2, NULL, NULL),
(81, 3, 2, 1, 0, 0, 0, 0, 1, 0, 0, NULL, NULL),
(82, 0, 0, 0, 0, 0, 0, 0, 0, 0, 0, NULL, NULL),
(83, 10, 1, 0, 0, 0, 0, 0, 0, 0, 0, NULL, NULL),
(84, 0, 0, 0, 0, 0, 0, 0, 0, 0, 0, NULL, NULL),
(85, 6, 4, 0, 1, 0, 0, 0, 0, 0, 0, NULL, NULL),
(86, 3, 2, 0, 1, 0, 0, 0, 0, 0, 0, NULL, NULL),
(87, 6, 2, 0, 1, 0, 0, 0, 0, 0, 0, NULL, NULL),
(88, 9, 4, 1, 1, 0, 0, 0, 1, 0, 0, NULL, NULL),
(89, 3, 4, 0, 1, 0, 0, 0, 0, 0, 0, NULL, NULL),
(90, 0, 0, 0, 0, 0, 0, 0, 0, 0, 0, NULL, NULL),
(91, 3, 0, 0, 0, 0, 0, 0, 0, 0, 0, NULL, NULL),
(92, 0, 0, 0, 0, 0, 0, 0, 0, 0, 0, NULL, NULL),
(93, 3, 2, 1, 0, 0, 0, 0, 0, 1, 0, NULL, NULL),
(94, 6, 2, 0, 1, 1, 0, 0, 0, 0, 0, NULL, NULL),
(95, 6, 2, 1, 1, 0, 0, 0, 0, 0, 0, NULL, NULL),
(96, 0, 0, 0, 0, 0, 0, 0, 0, 0, 0, NULL, NULL),
(97, 0, 0, 0, 0, 0, 0, 0, 0, 0, 0, NULL, NULL),
(98, 0, 0, 0, 0, 0, 0, 0, 0, 0, 0, NULL, NULL),
(99, 0, 0, 0, 0, 0, 0, 0, 0, 0, 0, NULL, NULL),
(100, 0, 0, 0, 0, 0, 0, 0, 0, 0, 0, NULL, NULL),
(101, 0, 0, 0, 0, 0, 0, 0, 0, 0, 0, NULL, NULL),
(102, 0, 0, 0, 0, 0, 0, 0, 0, 0, 0, NULL, NULL),
(103, 0, 0, 0, 0, 0, 0, 0, 0, 0, 0, NULL, NULL),
(104, 0, 0, 0, 0, 0, 0, 0, 0, 0, 0, NULL, NULL),
(105, 0, 0, 0, 0, 0, 0, 0, 0, 0, 0, NULL, NULL),
(106, 0, 0, 0, 0, 0, 0, 0, 0, 0, 0, NULL, NULL),
(107, 0, 0, 0, 0, 0, 0, 0, 0, 0, 1, NULL, NULL),
(108, 0, 0, 0, 0, 0, 0, 0, 0, 0, 0, NULL, NULL),
(109, 0, 0, 0, 0, 0, 0, 0, 0, 0, 0, NULL, NULL),
(110, 0, 0, 0, 0, 0, 0, 0, 0, 0, 0, NULL, NULL),
(111, 0, 0, 0, 0, 0, 0, 0, 0, 0, 0, NULL, NULL),
(112, 8, 4, 1, 0, 1, 0, 0, 0, 1, 0, NULL, NULL),
(113, 0, 0, 0, 0, 0, 0, 0, 0, 0, 0, NULL, NULL),
(114, 0, 0, 0, 0, 0, 0, 0, 0, 0, 0, NULL, NULL),
(115, 3, 0, 0, 1, 0, 0, 0, 0, 0, 0, NULL, NULL),
(116, 1, 2, 0, 0, 0, 0, 0, 0, 0, 0, NULL, NULL),
(117, 3, 0, 1, 1, 0, 0, 0, 0, 0, 0, NULL, NULL),
(118, 3, 4, 1, 0, 0, 0, 0, 0, 0, 0, NULL, NULL),
(119, 0, 0, 0, 0, 0, 0, 0, 0, 0, 0, NULL, NULL),
(120, 3, 2, 0, 0, 0, 0, 0, 0, 0, 0, NULL, NULL),
(121, 3, 2, 1, 1, 0, 0, 0, 0, 0, 0, NULL, NULL),
(122, 3, 2, 1, 0, 0, 0, 0, 0, 0, 0, NULL, NULL),
(123, 16, 2, 0, 0, 0, 0, 0, 0, 0, 0, NULL, NULL),
(124, 0, 0, 0, 0, 0, 0, 0, 0, 0, 0, NULL, NULL),
(125, 6, 4, 0, 0, 0, 0, 0, 0, 0, 0, NULL, NULL),
(126, 3, 0, 1, 0, 0, 0, 0, 0, 0, 0, NULL, NULL),
(127, 0, 0, 0, 0, 0, 0, 0, 0, 0, 0, NULL, NULL),
(128, 0, 0, 0, 0, 0, 0, 0, 0, 1, 0, NULL, NULL),
(129, 0, 2, 0, 1, 0, 0, 0, 0, 0, 0, NULL, NULL),
(130, 3, 2, 1, 1, 0, 0, 0, 0, 0, 0, NULL, NULL),
(131, 3, 2, 1, 0, 1, 0, 0, 0, 0, 0, NULL, NULL),
(132, 3, 1, 0, 0, 0, 0, 0, 0, 0, 0, NULL, NULL),
(133, 3, 2, 0, 2, 0, 0, 0, 0, 0, 0, NULL, NULL),
(134, 3, 2, 0, 1, 0, 0, 1, 0, 0, 0, NULL, NULL),
(135, 0, 0, 0, 0, 0, 0, 0, 0, 0, 1, NULL, NULL),
(136, 3, 2, 0, 0, 0, 0, 0, 0, 0, 0, NULL, NULL),
(137, 12, 2, 0, 0, 0, 0, 0, 0, 0, 0, NULL, NULL),
(138, 6, 0, 0, 0, 0, 0, 0, 0, 0, 0, NULL, NULL),
(139, 0, 0, 0, 0, 0, 0, 0, 0, 0, 0, NULL, NULL),
(140, 9, 1, 1, 1, 0, 0, 0, 0, 0, 0, NULL, NULL),
(141, 3, 2, 1, 1, 0, 0, 0, 0, 0, 0, NULL, NULL),
(142, 3, 2, 1, 1, 0, 0, 0, 0, 1, 0, NULL, NULL),
(143, 3, 2, 1, 0, 0, 0, 0, 0, 0, 0, NULL, NULL),
(144, 0, 0, 0, 0, 0, 0, 0, 0, 0, 0, NULL, NULL),
(145, 6, 4, 0, 0, 0, 0, 0, 0, 0, 0, NULL, NULL),
(146, 7, 2, 0, 1, 0, 0, 0, 0, 0, 0, NULL, NULL),
(147, 3, 2, 0, 0, 0, 0, 0, 0, 0, 0, NULL, NULL),
(148, 0, 0, 0, 0, 0, 0, 0, 0, 0, 0, NULL, NULL),
(149, 0, 0, 0, 0, 0, 0, 0, 0, 0, 1, NULL, NULL),
(150, 3, 2, 0, 1, 0, 0, 0, 0, 0, 0, NULL, NULL),
(151, 12, 2, 0, 0, 0, 0, 0, 0, 0, 0, NULL, NULL),
(152, 0, 0, 0, 0, 0, 0, 0, 0, 0, 0, NULL, NULL),
(153, 0, 2, 0, 0, 0, 0, 0, 0, 0, 0, NULL, NULL),
(154, 0, 0, 0, 0, 0, 0, 0, 0, 0, 0, NULL, NULL),
(155, 0, 0, 0, 0, 0, 0, 0, 0, 0, 0, NULL, NULL),
(156, 0, 0, 0, 0, 0, 0, 0, 0, 0, 0, NULL, NULL),
(157, 0, 2, 0, 1, 0, 0, 0, 0, 0, 0, NULL, NULL),
(158, 14, 2, 0, 0, 0, 0, 0, 0, 0, 0, NULL, NULL),
(159, 4, 2, 0, 0, 0, 0, 0, 0, 0, 0, NULL, NULL),
(160, 0, 0, 0, 0, 1, 0, 0, 0, 0, 1, NULL, NULL),
(161, 3, 2, 1, 0, 0, 0, 0, 0, 0, 0, NULL, NULL),
(162, 0, 0, 0, 0, 0, 0, 0, 0, 0, 0, NULL, NULL),
(163, 20, 6, 0, 2, 1, 0, 1, 1, 1, 1, NULL, NULL),
(164, 3, 5, 0, 1, 0, 0, 0, 0, 0, 0, NULL, NULL),
(165, 4, 2, 0, 0, 0, 0, 0, 0, 0, 0, NULL, NULL),
(166, 0, 0, 0, 0, 0, 0, 0, 0, 0, 0, NULL, NULL),
(167, 6, 2, 0, 0, 0, 1, 0, 0, 0, 0, NULL, NULL),
(168, 3, 4, 0, 0, 0, 1, 0, 0, 0, 0, NULL, NULL),
(169, 18, 8, 3, 3, 0, 0, 0, 0, 1, 2, NULL, NULL),
(170, 8, 3, 1, 0, 0, 0, 0, 0, 1, 1, NULL, NULL),
(171, 0, 0, 0, 0, 0, 0, 0, 0, 0, 0, NULL, NULL),
(172, 0, 0, 0, 0, 0, 0, 0, 0, 0, 0, NULL, NULL),
(173, 0, 0, 0, 0, 0, 0, 0, 0, 0, 0, NULL, NULL),
(174, 0, 0, 0, 0, 0, 0, 0, 0, 0, 0, NULL, NULL),
(175, 8, 2, 1, 2, 0, 0, 1, 0, 0, 0, NULL, NULL),
(176, 0, 0, 0, 0, 0, 0, 0, 0, 0, 1, NULL, NULL),
(177, 0, 0, 0, 0, 0, 0, 0, 0, 0, 0, NULL, NULL),
(178, 0, 0, 0, 0, 0, 0, 0, 0, 0, 0, NULL, NULL),
(179, 0, 0, 0, 0, 0, 0, 0, 0, 0, 0, NULL, NULL),
(180, 0, 0, 0, 0, 0, 0, 0, 0, 0, 0, NULL, NULL),
(181, 0, 0, 0, 0, 0, 0, 0, 0, 0, 0, NULL, NULL),
(182, 0, 0, 0, 0, 0, 0, 0, 0, 0, 0, NULL, NULL),
(183, 8, 0, 1, 1, 0, 0, 0, 0, 0, 0, NULL, NULL),
(184, 0, 0, 0, 0, 0, 0, 0, 0, 0, 0, NULL, NULL),
(185, 3, 2, 0, 1, 0, 0, 0, 0, 0, 0, NULL, NULL),
(186, 3, 2, 1, 1, 0, 0, 0, 0, 1, 0, NULL, NULL),
(187, 0, 0, 0, 0, 0, 0, 0, 0, 0, 0, NULL, NULL),
(188, 3, 2, 1, 1, 0, 0, 0, 0, 0, 0, NULL, NULL),
(189, 0, 0, 0, 0, 0, 0, 0, 0, 0, 0, NULL, NULL),
(190, 0, 0, 0, 0, 0, 0, 0, 0, 0, 0, NULL, NULL),
(191, 0, 0, 0, 0, 0, 0, 0, 0, 0, 0, NULL, NULL),
(192, 0, 0, 0, 0, 2, 0, 0, 0, 0, 2, NULL, NULL),
(193, 0, 0, 0, 0, 0, 0, 0, 0, 0, 0, NULL, NULL),
(194, 0, 0, 0, 0, 0, 0, 0, 0, 0, 0, NULL, NULL),
(195, 0, 0, 0, 0, 0, 0, 0, 0, 0, 0, NULL, NULL),
(196, 0, 0, 0, 0, 0, 0, 0, 0, 0, 0, NULL, NULL),
(197, 3, 1, 1, 0, 0, 0, 0, 0, 0, 0, NULL, NULL),
(198, 0, 0, 0, 0, 0, 0, 0, 0, 0, 0, NULL, NULL),
(199, 0, 0, 0, 0, 0, 0, 0, 0, 0, 0, NULL, NULL),
(200, 6, 2, 1, 0, 0, 0, 0, 0, 1, 0, NULL, NULL),
(201, 0, 0, 0, 0, 0, 0, 0, 0, 0, 0, NULL, NULL),
(202, 0, 0, 0, 0, 0, 0, 0, 0, 0, 0, NULL, NULL),
(203, 3, 2, 1, 1, 0, 0, 0, 0, 1, 0, NULL, NULL),
(204, 9, 2, 0, 0, 0, 0, 0, 0, 0, 0, NULL, NULL),
(205, 0, 0, 0, 0, 0, 0, 0, 0, 0, 0, NULL, NULL),
(206, 0, 0, 0, 0, 0, 0, 0, 0, 0, 0, NULL, NULL),
(207, 0, 0, 0, 0, 0, 0, 0, 0, 0, 0, NULL, NULL),
(208, 0, 0, 0, 0, 0, 0, 0, 0, 0, 0, NULL, NULL),
(209, 0, 0, 0, 0, 0, 0, 0, 0, 0, 0, NULL, NULL),
(210, 7, 2, 0, 0, 0, 0, 0, 0, 0, 0, NULL, NULL),
(211, 0, 0, 0, 0, 0, 0, 0, 0, 0, 0, NULL, NULL),
(212, 0, 0, 0, 0, 0, 0, 0, 0, 0, 0, NULL, NULL),
(213, 0, 0, 0, 0, 0, 0, 0, 0, 0, 0, NULL, NULL),
(214, 0, 0, 0, 0, 0, 0, 0, 0, 0, 0, NULL, NULL),
(215, 0, 0, 0, 0, 0, 0, 0, 0, 0, 0, NULL, NULL),
(216, 0, 0, 0, 0, 0, 0, 0, 0, 0, 0, NULL, NULL),
(217, 0, 0, 0, 0, 0, 0, 0, 0, 0, 0, NULL, NULL),
(218, 0, 0, 0, 0, 0, 0, 0, 0, 0, 0, NULL, NULL),
(219, 0, 0, 0, 0, 0, 0, 0, 0, 0, 0, NULL, NULL),
(220, 0, 2, 0, 0, 0, 0, 0, 0, 0, 0, NULL, NULL),
(221, 0, 0, 0, 0, 0, 0, 0, 0, 1, 0, NULL, NULL),
(222, 0, 0, 0, 0, 0, 0, 0, 0, 1, 0, NULL, NULL),
(223, 11, 2, 0, 0, 0, 0, 0, 0, 0, 0, NULL, NULL),
(224, 13, 0, 0, 1, 0, 0, 0, 0, 1, 0, NULL, NULL),
(225, 3, 2, 1, 1, 1, 1, 0, 0, 0, 0, NULL, NULL),
(226, 3, 2, 0, 1, 0, 0, 0, 0, 1, 0, NULL, NULL),
(227, 8, 2, 0, 1, 0, 0, 0, 1, 0, 0, NULL, NULL),
(228, 6, 4, 0, 1, 1, 0, 0, 0, 1, 0, NULL, NULL),
(229, 6, 2, 1, 2, 0, 0, 0, 0, 0, 0, NULL, NULL),
(230, 1, 1, 0, 0, 0, 0, 0, 0, 0, 0, NULL, NULL),
(231, 7, 2, 1, 0, 0, 0, 0, 0, 0, 0, NULL, NULL),
(232, 0, 0, 0, 0, 0, 0, 0, 0, 0, 0, NULL, NULL),
(233, 10, 4, 0, 0, 0, 0, 0, 0, 0, 0, NULL, NULL),
(234, 0, 0, 0, 0, 0, 0, 0, 0, 0, 0, NULL, NULL),
(235, 6, 0, 0, 0, 0, 0, 0, 0, 0, 0, NULL, NULL),
(236, 0, 0, 0, 0, 0, 0, 0, 0, 0, 0, NULL, NULL),
(237, 6, 4, 0, 1, 0, 0, 0, 0, 1, 0, NULL, NULL),
(238, 9, 6, 0, 0, 0, 1, 0, 0, 0, 0, NULL, NULL),
(239, 0, 0, 0, 0, 0, 0, 0, 0, 0, 0, NULL, NULL),
(240, 0, 0, 0, 0, 0, 0, 0, 0, 0, 0, NULL, NULL),
(241, 0, 0, 0, 0, 0, 0, 0, 0, 0, 0, NULL, NULL),
(242, 0, 0, 0, 0, 0, 0, 0, 0, 0, 0, NULL, NULL),
(243, 5, 4, 0, 1, 0, 0, 0, 0, 0, 0, NULL, NULL),
(244, 18, 2, 2, 2, 1, 0, 0, 0, 1, 0, NULL, NULL),
(245, 3, 0, 1, 0, 0, 0, 0, 0, 0, 0, NULL, NULL),
(246, 6, 3, 1, 0, 0, 0, 0, 0, 0, 0, NULL, NULL),
(247, 6, 2, 1, 1, 0, 1, 0, 0, 0, 0, NULL, NULL),
(248, 0, 0, 0, 0, 0, 0, 1, 0, 0, 0, NULL, NULL),
(249, 11, 6, 1, 2, 0, 0, 0, 0, 0, 0, NULL, NULL),
(250, 0, 0, 0, 0, 0, 0, 0, 0, 0, 0, NULL, NULL),
(251, 8, 0, 0, 0, 0, 0, 0, 0, 0, 0, NULL, NULL),
(252, 3, 0, 0, 0, 0, 0, 0, 0, 0, 0, NULL, NULL),
(253, 0, 0, 0, 0, 0, 0, 0, 0, 0, 0, NULL, NULL),
(254, 4, 0, 1, 0, 0, 1, 0, 0, 1, 1, NULL, NULL),
(255, 0, 0, 0, 0, 0, 0, 0, 0, 0, 0, NULL, NULL),
(256, 6, 2, 0, 1, 0, 0, 0, 0, 0, 0, NULL, NULL),
(257, 3, 2, 0, 1, 0, 0, 0, 0, 0, 0, NULL, NULL),
(258, 10, 0, 0, 1, 0, 0, 0, 0, 0, 0, NULL, NULL),
(259, 0, 0, 0, 0, 0, 0, 1, 0, 0, 0, NULL, NULL),
(260, 3, 2, 0, 1, 0, 0, 0, 0, 0, 0, NULL, NULL),
(261, 6, 4, 2, 0, 0, 1, 0, 0, 1, 0, NULL, NULL),
(262, 3, 2, 1, 1, 0, 0, 0, 0, 0, 0, NULL, NULL),
(263, 3, 2, 1, 1, 0, 1, 0, 0, 0, 0, NULL, NULL),
(264, 6, 2, 1, 1, 0, 0, 1, 0, 0, 0, NULL, NULL),
(265, 16, 0, 1, 0, 0, 0, 0, 0, 0, 1, NULL, NULL),
(266, 8, 4, 0, 1, 0, 0, 0, 0, 1, 0, NULL, NULL),
(267, 3, 2, 0, 0, 0, 1, 0, 0, 0, 0, NULL, NULL),
(268, 13, 4, 0, 1, 0, 1, 0, 0, 0, 0, NULL, NULL),
(269, 12, 4, 0, 0, 0, 0, 0, 0, 1, 0, NULL, NULL),
(270, 3, 2, 0, 1, 0, 0, 0, 0, 0, 0, NULL, NULL),
(271, 3, 2, 0, 1, 0, 0, 0, 0, 0, 0, NULL, NULL),
(272, 0, 0, 0, 0, 0, 0, 0, 0, 0, 0, NULL, NULL),
(273, 6, 4, 1, 0, 0, 0, 0, 0, 0, 0, NULL, NULL),
(274, 11, 0, 0, 0, 0, 0, 0, 0, 0, 0, NULL, NULL),
(275, 4, 4, 0, 0, 0, 0, 0, 0, 0, 0, NULL, NULL),
(276, 3, 1, 0, 0, 0, 0, 0, 0, 0, 0, NULL, NULL),
(277, 9, 2, 0, 0, 0, 0, 0, 0, 0, 0, NULL, NULL),
(278, 3, 2, 0, 1, 0, 0, 0, 0, 1, 0, NULL, NULL),
(279, 3, 2, 0, 1, 0, 0, 0, 0, 0, 0, NULL, NULL),
(280, 3, 4, 1, 2, 0, 0, 0, 0, 0, 0, NULL, NULL),
(281, 0, 0, 0, 0, 0, 0, 0, 0, 1, 0, NULL, NULL),
(282, 0, 0, 0, 0, 0, 0, 0, 0, 2, 0, NULL, NULL),
(283, 0, 0, 0, 0, 1, 0, 0, 0, 0, 0, NULL, NULL),
(284, 6, 2, 0, 1, 0, 0, 0, 0, 1, 0, NULL, NULL),
(285, 3, 4, 0, 1, 0, 0, 0, 0, 1, 0, NULL, NULL),
(286, 3, 4, 1, 1, 0, 0, 0, 0, 0, 0, NULL, NULL),
(287, 6, 2, 1, 1, 0, 1, 0, 0, 1, 0, NULL, NULL),
(288, 2, 1, 0, 1, 0, 0, 0, 0, 0, 0, NULL, NULL),
(289, 3, 2, 1, 1, 0, 0, 0, 0, 0, 0, NULL, NULL),
(290, 0, 0, 0, 0, 0, 0, 0, 0, 1, 0, NULL, NULL),
(291, 0, 0, 0, 0, 0, 0, 0, 0, 0, 0, NULL, NULL),
(292, 0, 0, 0, 0, 0, 0, 0, 0, 0, 0, NULL, NULL),
(293, 3, 2, 0, 2, 0, 0, 0, 0, 0, 0, NULL, NULL),
(294, 0, 0, 0, 0, 0, 0, 0, 0, 0, 0, NULL, NULL),
(295, 0, 0, 0, 1, 0, 0, 0, 0, 0, 0, NULL, NULL),
(296, 3, 2, 0, 1, 0, 0, 0, 0, 0, 0, NULL, NULL),
(297, 10, 2, 1, 1, 0, 1, 0, 0, 1, 0, NULL, NULL),
(298, 6, 2, 1, 0, 0, 0, 0, 0, 0, 0, NULL, NULL),
(299, 3, 2, 0, 1, 0, 0, 0, 0, 0, 0, NULL, NULL),
(300, 6, 2, 0, 0, 0, 0, 0, 0, 0, 0, NULL, NULL),
(301, 0, 0, 0, 0, 0, 0, 0, 0, 0, 0, NULL, NULL),
(302, 3, 1, 0, 1, 0, 1, 0, 0, 0, 0, NULL, NULL),
(303, 6, 2, 0, 0, 0, 0, 0, 0, 0, 0, NULL, NULL),
(304, 6, 2, 1, 1, 0, 0, 0, 0, 0, 0, NULL, NULL),
(305, 0, 0, 0, 0, 0, 0, 0, 0, 0, 0, NULL, NULL),
(306, 6, 2, 1, 0, 0, 0, 0, 0, 0, 0, NULL, NULL),
(307, 5, 2, 1, 1, 0, 0, 0, 0, 0, 0, NULL, NULL),
(308, 3, 1, 1, 1, 0, 0, 0, 0, 0, 0, NULL, NULL),
(309, 6, 2, 1, 0, 0, 0, 0, 0, 0, 0, NULL, NULL),
(310, 6, 4, 1, 1, 0, 0, 0, 0, 0, 0, NULL, NULL),
(311, 0, 1, 0, 0, 0, 1, 0, 0, 0, 0, NULL, NULL),
(312, 0, 0, 0, 0, 0, 0, 0, 0, 0, 0, NULL, NULL),
(313, 0, 0, 0, 0, 0, 0, 0, 0, 0, 0, NULL, NULL),
(314, 0, 0, 0, 0, 0, 0, 0, 0, 0, 0, NULL, NULL),
(315, 0, 0, 0, 0, 0, 0, 0, 0, 1, 0, NULL, NULL),
(316, 0, 0, 0, 0, 1, 0, 0, 0, 0, 0, NULL, NULL),
(317, 0, 0, 0, 0, 0, 0, 1, 0, 0, 1, NULL, NULL),
(318, 12, 0, 0, 1, 0, 0, 0, 0, 0, 1, NULL, NULL),
(319, 3, 0, 0, 0, 0, 0, 0, 0, 0, 0, NULL, NULL),
(320, 6, 0, 0, 0, 0, 0, 0, 0, 0, 0, NULL, NULL),
(321, 3, 2, 0, 0, 0, 0, 0, 0, 0, 0, NULL, NULL),
(322, 0, 0, 0, 0, 0, 0, 0, 0, 0, 0, NULL, NULL),
(323, 9, 2, 1, 0, 0, 0, 0, 0, 1, 0, NULL, NULL),
(324, 12, 5, 1, 0, 1, 0, 0, 0, 1, 0, NULL, NULL),
(325, 0, 0, 0, 0, 0, 0, 0, 0, 0, 0, NULL, NULL),
(326, 6, 0, 1, 1, 0, 0, 0, 1, 0, 1, NULL, NULL),
(327, 9, 6, 0, 2, 0, 0, 0, 0, 0, 0, NULL, NULL),
(328, 0, 2, 0, 1, 0, 0, 0, 0, 0, 0, NULL, NULL),
(329, 6, 2, 1, 0, 0, 0, 0, 0, 0, 0, NULL, NULL),
(330, 2, 2, 0, 0, 0, 0, 0, 0, 0, 0, NULL, NULL),
(331, 9, 4, 0, 0, 0, 0, 0, 0, 0, 1, NULL, NULL),
(332, 11, 4, 1, 0, 0, 0, 0, 0, 0, 0, NULL, NULL),
(333, 6, 2, 1, 0, 0, 0, 0, 0, 0, 0, NULL, NULL),
(334, 16, 2, 1, 1, 1, 0, 0, 0, 1, 1, NULL, NULL),
(335, 10, 4, 1, 0, 1, 0, 0, 1, 0, 1, NULL, NULL),
(336, 0, 0, 0, 0, 0, 0, 0, 0, 0, 0, NULL, NULL),
(337, 0, 0, 0, 0, 0, 0, 0, 0, 0, 0, NULL, NULL),
(338, 3, 2, 1, 1, 0, 0, 0, 0, 1, 1, NULL, NULL),
(339, 3, 0, 1, 1, 0, 0, 0, 0, 0, 0, NULL, NULL),
(340, 6, 2, 0, 2, 0, 0, 0, 0, 0, 0, NULL, NULL),
(341, 11, 4, 0, 0, 0, 0, 0, 0, 1, 0, NULL, NULL),
(342, 0, 0, 0, 0, 0, 0, 0, 0, 0, 0, NULL, NULL),
(343, 10, 2, 0, 0, 0, 0, 0, 0, 0, 0, NULL, NULL),
(344, 6, 0, 1, 1, 0, 0, 0, 0, 0, 0, NULL, NULL),
(345, 3, 0, 0, 1, 0, 0, 0, 0, 0, 0, NULL, NULL),
(346, 0, 0, 0, 0, 0, 0, 0, 0, 0, 0, NULL, NULL),
(347, 0, 0, 0, 0, 0, 0, 0, 0, 0, 0, NULL, NULL),
(348, 6, 2, 0, 0, 0, 0, 0, 0, 0, 0, NULL, NULL),
(349, 3, 1, 0, 0, 0, 0, 0, 0, 0, 0, NULL, NULL),
(350, 6, 0, 1, 4, 0, 0, 0, 0, 0, 0, NULL, NULL),
(351, 3, 0, 0, 2, 0, 0, 0, 0, 0, 0, NULL, NULL),
(352, 0, 2, 0, 0, 0, 2, 0, 0, 0, 0, NULL, NULL),
(353, 3, 2, 0, 1, 0, 0, 0, 0, 0, 0, NULL, NULL),
(354, 0, 0, 0, 0, 0, 0, 0, 0, 0, 0, NULL, NULL),
(355, 3, 2, 1, 1, 1, 0, 0, 0, 1, 1, NULL, NULL),
(356, 12, 4, 2, 1, 0, 0, 0, 0, 1, 0, NULL, NULL),
(357, 2, 2, 0, 0, 0, 0, 0, 0, 1, 0, NULL, NULL),
(358, 4, 2, 0, 0, 0, 0, 0, 0, 0, 0, NULL, NULL),
(359, 6, 2, 0, 0, 0, 0, 0, 0, 0, 0, NULL, NULL),
(360, 1, 2, 1, 1, 0, 2, 0, 0, 0, 0, NULL, NULL),
(361, 3, 4, 0, 0, 0, 0, 0, 0, 0, 0, NULL, NULL),
(362, 0, 0, 0, 0, 0, 0, 0, 0, 0, 0, NULL, NULL),
(363, 0, 0, 0, 0, 0, 0, 0, 0, 0, 0, NULL, NULL),
(364, 0, 0, 0, 0, 0, 0, 0, 0, 0, 0, NULL, NULL),
(365, 0, 1, 0, 0, 0, 0, 0, 0, 0, 0, NULL, NULL),
(366, 0, 0, 0, 2, 0, 0, 0, 0, 0, 0, NULL, NULL),
(367, 3, 0, 0, 1, 0, 0, 0, 0, 0, 0, NULL, NULL),
(368, 3, 2, 0, 0, 0, 0, 0, 0, 0, 0, NULL, NULL),
(369, 6, 4, 1, 1, 0, 0, 0, 0, 0, 0, NULL, NULL);

INSERT INTO `relevamiento_plazas` (`id_plaza`, `limpieza`, `jardineria`, `arbolado`, `juegos`, `bebederos`, `estaciones_aerobicas`, `bicicleteros`, `cercos`, `riego`, `carteleria`, `mobiliario`, `mastil`, `arenero`, `caminos`, `veredas`, `luminarias`, `esculturas`, `playon`, `cestos`, `created_at`, `updated_at`) VALUES
(1, 'BUENA', 'BUENA', 'BUENO', 'NO PRESENTA', 'NO PRESENTA', 'NO PRESENTA', 'PINTURA', 'BUEN ESTADO', 'NO PRESENTA', 'NO PRESENTA', 'BUEN ESTADO', 'NO PRESENTA', 'NO PRESENTA', 'REPONER GRANZA', 'REGULAR', 'BUEN ESTADO', 'BUEN ESTADO', 'NO PRESENTA', 'BUEN ESTADO', NULL, NULL),
(2, '', '', '', '', '', '', '', '', '', '', '', '', '', '', '', '', '', '', '', NULL, NULL),
(3, '', '', '', '', '', '', '', '', '', '', '', '', '', '', '', '', '', '', '', NULL, NULL),
(4, 'REGULAR', 'BUENA', 'BUENO', 'MOVIMIENTOS', 'LIMPIEZA', 'NO PRESENTA', 'NO PRESENTA', 'REPARAR', 'NO PRESENTA', 'NO PRESENTA', 'BUEN ESTADO', 'NO PRESENTA', 'BUEN ESTADO', 'FALTAN REMARCAR', 'BUEN ESTADO', 'BUEN ESTADO', 'NO PRESENTA', 'NO PRESENTA', 'BUEN ESTADO', NULL, NULL),
(5, '', '', '', '', '', '', '', '', '', '', '', '', '', '', '', '', '', '', '', NULL, NULL),
(6, '', '', '', '', '', '', '', '', '', '', '', '', '', '', '', '', '', '', '', NULL, NULL),
(7, 'BUENA', 'CORTE DE CESPED', 'FALTA ESCAMONDA', 'PINTURA', 'PINTURA', 'NO PRESENTA', 'NO PRESENTA', 'BUEN ESTADO', 'NO PRESENTA', 'BUEN ESTADO', 'BUEN ESTADO', 'REPARAR/PINTAR', 'REPONER ARENA', 'NO PRESENTA', 'MAL ESTADO', 'BUEN ESTADO', 'MAL ESTADO', 'NO PRESENTA', 'BUEN ESTADO', NULL, NULL),
(8, '', '', '', '', '', '', '', '', '', '', '', '', '', '', '', '', '', '', '', NULL, NULL),
(9, '', '', '', '', '', '', '', '', '', '', '', '', '', '', '', '', '', '', '', NULL, NULL),
(10, 'BUENA', 'BUENA', 'FALTA ESCAMONDA', 'PINTURA', 'NO PRESENTA', 'NO PRESENTA', 'NO PRESENTA', 'NO PRESENTA', 'NO PRESENTA', 'NO PRESENTA', 'REPARAR', 'NO PRESENTA', 'BUEN ESTADO', 'FALTAN REMARCAR', 'REGULAR', 'BUEN ESTADO', 'NO PRESENTA', 'NO PRESENTA', 'BUEN ESTADO', NULL, NULL),
(11, 'BUENA', 'BUENA', 'FALTA ESCAMONDA', 'PINTURA', 'NO PRESENTA', 'NO PRESENTA', 'PINTURA', 'REPARAR', 'NO PRESENTA', 'NO PRESENTA', 'BUEN ESTADO', 'NO PRESENTA', 'BUEN ESTADO', 'NO PRESENTA', 'BUEN ESTADO', 'NO PRESENTA', 'BUEN ESTADO', 'NO PRESENTA', 'NO PRESENTA', NULL, NULL),
(12, 'BUENA', 'BUENA', 'BUENO', 'NO PRESENTA', 'NO PRESENTA', 'NO PRESENTA', 'PINTURA', 'NO PRESENTA', 'NO PRESENTA', 'NO PRESENTA', 'BUEN ESTADO', 'NO PRESENTA', 'NO PRESENTA', 'NO PRESENTA', 'BUEN ESTADO', 'BUEN ESTADO', 'NO PRESENTA', 'NO PRESENTA', 'NO PRESENTA', NULL, NULL),
(13, 'BUENA', 'BUENA', 'BUENO', 'NO PRESENTA', 'NO PRESENTA', 'BUEN ESTADO', 'NO PRESENTA', 'NO PRESENTA', 'NO PRESENTA', 'BUEN ESTADO', 'BUEN ESTADO', 'NO PRESENTA', 'NO PRESENTA', 'NO PRESENTA', 'BUEN ESTADO', 'BUEN ESTADO', 'BUEN ESTADO', 'NO PRESENTA', 'BUEN ESTADO', NULL, NULL),
(14, 'REGULAR', 'CORTE DE CESPED', 'FALTA ESCAMONDA', 'PINTURA', 'NO PRESENTA', 'NO PRESENTA', 'PINTURA', 'REPARAR', 'NO PRESENTA', 'NO PRESENTA', 'BUEN ESTADO', 'NO PRESENTA', 'FALTA REMARCAR', 'NO PRESENTA', 'MAL ESTADO', 'BUEN ESTADO', 'NO PRESENTA', 'NO PRESENTA', 'NO ASISTIDO', NULL, NULL),
(15, 'REGULAR', 'CORTE DE CESPED', 'BUENO', 'BUEN ESTADO', 'LIMPIEZA', 'NO PRESENTA', 'PINTURA', 'REPARAR', 'NO PRESENTA', 'BUEN ESTADO', 'REPARAR', 'REPARAR/PINTAR', 'NO PRESENTA', 'FALTAN REMARCAR', 'REGULAR', 'REPARAR', 'NO PRESENTA', 'NO PRESENTA', 'BUEN ESTADO', NULL, NULL),
(16, 'MUY BUENA', 'BUENA', 'BUENO', 'BUEN ESTADO', 'PINTURA', 'NO PRESENTA', 'PINTURA', 'BUEN ESTADO', 'NO PRESENTA', 'REPONER', 'REPARAR', 'NO PRESENTA', 'REPONER ARENA', 'NO PRESENTA', 'REGULAR', 'BUEN ESTADO', 'REGULAR', 'NO PRESENTA', 'REPARAR', NULL, NULL),
(17, 'BUENA', 'BUENA', 'FALTA ESCAMONDA', 'NO PRESENTA', 'NO PRESENTA', 'NO PRESENTA', 'NO PRESENTA', 'NO PRESENTA', 'NO PRESENTA', 'NO PRESENTA', 'BUEN ESTADO', 'NO PRESENTA', 'NO PRESENTA', 'NO PRESENTA', 'BUEN ESTADO', 'BUEN ESTADO', 'NO PRESENTA', 'NO PRESENTA', 'BUEN ESTADO', NULL, NULL),
(18, 'BUENA', 'BUENA', 'BUENO', 'NO PRESENTA', 'PINTURA', 'BUEN ESTADO', 'PINTURA', 'BUEN ESTADO', 'NO PRESENTA', 'BUEN ESTADO', 'BUEN ESTADO', 'REPARAR/PINTAR', 'NO PRESENTA', 'NO PRESENTA', 'REGULAR', 'BUEN ESTADO', 'NO PRESENTA', 'BUEN ESTADO', 'BUEN ESTADO', NULL, NULL),
(19, 'BUENA', 'BUENA', 'BUENO', 'PINTURA', 'NO PRESENTA', 'NO PRESENTA', 'NO PRESENTA', 'NO PRESENTA', 'NO PRESENTA', 'NO PRESENTA', 'BUEN ESTADO', 'BUEN ESTADO', 'NO PRESENTA', 'REALIZAR NUEVO', 'NO PRESENTA', 'NO PRESENTA', 'BUEN ESTADO', 'NO PRESENTA', 'NO PRESENTA', NULL, NULL),
(20, '', '', '', '', '', '', '', '', '', '', '', '', '', '', '', '', '', '', '', NULL, NULL),
(21, 'BUENA', 'REGULAR', 'FALTA ESCAMONDA', 'PINTURA', 'PROYECTAR', 'NO PRESENTA', 'NO PRESENTA', 'NO PRESENTA', 'NO PRESENTA', 'NO PRESENTA', 'BUEN ESTADO', 'BUEN ESTADO', 'FALTA REMARCAR, REPO', 'BUEN ESTADO', 'BUEN ESTADO', 'BUEN ESTADO', 'NO PRESENTA', 'NO PRESENTA', 'BUEN ESTADO', NULL, NULL),
(22, 'BUENA', 'BUENA', 'BUENO', 'NO PRESENTA', 'NO PRESENTA', 'NO PRESENTA', 'PINTURA', 'NO PRESENTA', 'NO PRESENTA', 'REPARAR', 'BUEN ESTADO', 'NO PRESENTA', 'NO PRESENTA', 'NO PRESENTA', 'REGULAR', 'BUEN ESTADO', 'REGULAR', 'NO PRESENTA', 'BUEN ESTADO', NULL, NULL),
(23, 'BUENA', 'BUENA', 'FALTA ESCAMONDA', 'NO PRESENTA', 'NO PRESENTA', 'NO PRESENTA', 'PINTURA', 'NO PRESENTA', 'NO PRESENTA', 'BUEN ESTADO', 'BUEN ESTADO', 'NO PRESENTA', 'NO PRESENTA', 'NO PRESENTA', 'REGULAR', 'BUEN ESTADO', 'NO PRESENTA', 'NO PRESENTA', 'NO PRESENTA', NULL, NULL),
(24, 'REGULAR', 'BUENA', 'BUENO', 'PINTURA', 'PINTURA', 'NO PRESENTA', 'NO PRESENTA', 'NO PRESENTA', 'NO PRESENTA', 'NO PRESENTA', 'BUEN ESTADO', 'NO PRESENTA', 'FALTA REMARCAR, REPO', 'NO PRESENTA', 'BUEN ESTADO', 'BUEN ESTADO', 'NO PRESENTA', 'BUEN ESTADO', 'BUEN ESTADO', NULL, NULL),
(25, '', '', '', '', '', '', '', '', '', '', '', '', '', '', '', '', '', '', '', NULL, NULL),
(26, 'BUENA', 'BUENA', 'BUENO', 'NO PRESENTA', 'NO PRESENTA', 'PINTURA', 'PINTURA', 'NO PRESENTA', 'NO PRESENTA', 'BUEN ESTADO', 'BUEN ESTADO', 'NO PRESENTA', 'NO PRESENTA', 'NO PRESENTA', 'MAL ESTADO', 'BUEN ESTADO', 'MAL ESTADO', 'NO PRESENTA', 'BUEN ESTADO', NULL, NULL),
(27, 'BUENA', 'CORTE DE CESPED', 'FALTA ESCAMONDA', 'NO PRESENTA', 'NO PRESENTA', 'NO PRESENTA', 'NO PRESENTA', 'NO PRESENTA', 'NO PRESENTA', 'NO PRESENTA', 'REPARAR', 'NO PRESENTA', 'NO PRESENTA', 'FALTAN REMARCAR', 'BUEN ESTADO', 'BUEN ESTADO', 'BUEN ESTADO', 'NO PRESENTA', 'BUEN ESTADO', NULL, NULL),
(28, 'BUENA', 'BUENA', 'BUENO', 'BUEN ESTADO', 'NO PRESENTA', 'NO PRESENTA', 'NO PRESENTA', 'NO PRESENTA', 'NO PRESENTA', 'NO PRESENTA', 'BUEN ESTADO', 'NO PRESENTA', 'BUEN ESTADO', 'NO PRESENTA', 'BUEN ESTADO', 'BUEN ESTADO', 'NO PRESENTA', 'NO PRESENTA', 'NO PRESENTA', NULL, NULL),
(29, '', '', '', '', '', '', '', '', '', '', '', '', '', '', '', '', '', '', '', NULL, NULL),
(30, '', '', '', '', '', '', '', '', '', '', '', '', '', '', '', '', '', '', '', NULL, NULL),
(31, 'BUENA', 'BUENA', 'BUENO', 'PINTURA', 'NO PRESENTA', 'NO PRESENTA', 'NO PRESENTA', 'NO PRESENTA', 'NO PRESENTA', 'NO PRESENTA', 'BUEN ESTADO', 'NO PRESENTA', 'BUEN ESTADO', 'FALTAN REMARCAR', 'BUEN ESTADO', 'BUEN ESTADO', 'BUEN ESTADO', 'NO PRESENTA', 'NO PRESENTA', NULL, NULL),
(32, '', '', '', '', '', '', '', '', '', '', '', '', '', '', '', '', '', '', '', NULL, NULL),
(33, '', '', '', '', '', '', '', '', '', '', '', '', '', '', '', '', '', '', '', NULL, NULL),
(34, 'MALA', 'REGULAR', 'BUENO', 'BUEN ESTADO', 'PINTURA', 'NO PRESENTA', 'BUEN ESTADO', 'BUEN ESTADO', 'NO PRESENTA', 'BUEN ESTADO', 'BUEN ESTADO', 'NO PRESENTA', 'REPONER ARENA', 'REPONER GRANZA', 'REGULAR', 'BUEN ESTADO', 'NO PRESENTA', 'NO PRESENTA', 'BUEN ESTADO', NULL, NULL),
(35, '', '', '', '', '', '', '', '', '', '', '', '', '', '', '', '', '', '', '', NULL, NULL),
(36, 'BUENA', 'MAL', 'FALTA ESCAMONDA', 'BUEN ESTADO', 'NO PRESENTA', 'NO PRESENTA', 'NO PRESENTA', 'NO PRESENTA', 'NO PRESENTA', 'NO PRESENTA', 'BUEN ESTADO', 'NO PRESENTA', 'NO PRESENTA', 'NO PRESENTA', 'REGULAR', 'REPARAR', 'NO PRESENTA', 'NO PRESENTA', 'NO PRESENTA', NULL, NULL),
(37, 'BUENA', 'BUENA', 'BUENO', 'NO PRESENTA', 'NO PRESENTA', 'NO PRESENTA', 'NO PRESENTA', 'NO PRESENTA', 'NO PRESENTA', 'REPARAR', 'BUEN ESTADO', 'NO PRESENTA', 'NO PRESENTA', 'FALTAN REMARCAR', 'BUEN ESTADO', 'REPARAR', 'NO PRESENTA', 'NO PRESENTA', 'BUEN ESTADO', NULL, NULL),
(38, 'MUY BUENA', 'CORTE DE CESPED', 'FALTA ESCAMONDA', 'PINTURA', 'NO PRESENTA', 'NO PRESENTA', 'NO PRESENTA', 'NO PRESENTA', 'NO PRESENTA', 'BUEN ESTADO', 'BUEN ESTADO', 'NO PRESENTA', 'REPONER ARENA', 'NO PRESENTA', 'BUEN ESTADO', 'REPARAR', 'NO PRESENTA', 'NO PRESENTA', 'NO PRESENTA', NULL, NULL),
(39, 'BUENA', 'BUENA', 'FALTA ESCAMONDA', 'PINTURA', 'NO PRESENTA', 'NO PRESENTA', 'BUEN ESTADO', 'NO PRESENTA', 'NO PRESENTA', 'BUEN ESTADO', 'BUEN ESTADO', 'NO PRESENTA', 'FALTA REMARCAR, REPO', 'NO PRESENTA', 'BUEN ESTADO', 'BUEN ESTADO', 'MAL ESTADO', 'NO PRESENTA', 'NO PRESENTA', NULL, NULL),
(40, 'BUENA', 'CORTE DE CESPED', 'FALTA ESCAMONDA', 'PINTURA', 'NO PRESENTA', 'NO PRESENTA', 'PINTURA', 'NO PRESENTA', 'NO PRESENTA', 'NO PRESENTA', 'BUEN ESTADO', 'NO PRESENTA', 'FALTA REMARCAR, REPO', 'NO PRESENTA', 'REGULAR', 'REPARAR', 'NO PRESENTA', 'NO PRESENTA', 'NO PRESENTA', NULL, NULL),
(41, 'MALA', 'REGULAR', 'FALTA ESCAMONDA', 'PINTURA', 'NO PRESENTA', 'NO PRESENTA', 'REPOSICION', 'NO PRESENTA', 'NO PRESENTA', 'NO PRESENTA', 'REPARAR', 'NO PRESENTA', 'FALTA REMARCAR, REPO', 'NO PRESENTA', 'REGULAR', 'REPARAR', 'NO PRESENTA', 'NO PRESENTA', 'NO PRESENTA', NULL, NULL),
(42, 'MALA', 'MAL', 'FALTA ESCAMONDA', 'PINTURA', 'NO PRESENTA', 'NO PRESENTA', 'NO PRESENTA', 'NO PRESENTA', 'NO PRESENTA', 'NO PRESENTA', 'BUEN ESTADO', 'NO PRESENTA', 'NO PRESENTA', 'FALTAN REMARCAR', 'BUEN ESTADO', 'BUEN ESTADO', 'REGULAR', 'NO PRESENTA', 'NO PRESENTA', NULL, NULL),
(43, 'BUENA', 'BUENA', 'BUENO', 'BUEN ESTADO', 'NO PRESENTA', 'NO PRESENTA', 'NO PRESENTA', 'NO PRESENTA', 'NO PRESENTA', 'BUEN ESTADO', 'NO PRESENTA', 'NO PRESENTA', 'FALTA REMARCAR', 'NO PRESENTA', 'MAL ESTADO', 'BUEN ESTADO', 'NO PRESENTA', 'NO PRESENTA', 'BUEN ESTADO', NULL, NULL),
(44, 'REGULAR', 'MAL', 'FALTA ESCAMONDA', 'HERRERIA', 'NO PRESENTA', 'NO PRESENTA', 'NO PRESENTA', 'NO PRESENTA', 'NO PRESENTA', 'REPONER', 'REPARAR', 'NO PRESENTA', 'REPONER ARENA', 'FALTAN REMARCAR', 'BUEN ESTADO', 'BUEN ESTADO', 'NO PRESENTA', 'NO PRESENTA', 'BUEN ESTADO', NULL, NULL),
(45, 'BUENA', 'MAL', 'FALTA ESCAMONDA', 'BUEN ESTADO', 'PINTURA', 'NO PRESENTA', 'PINTURA', 'REPARAR', 'NO PRESENTA', 'BUEN ESTADO', 'REPARAR', 'NO PRESENTA', 'REPONER ARENA', 'NO PRESENTA', 'REGULAR', 'BUEN ESTADO', 'BUEN ESTADO', 'REGULAR', 'REPARAR', NULL, NULL),
(46, 'BUENA', 'BUENA', 'BUENO', 'PINTURA', 'NO PRESENTA', 'NO PRESENTA', 'PINTURA', 'NO PRESENTA', 'NO PRESENTA', 'NO PRESENTA', 'BUEN ESTADO', 'NO PRESENTA', 'FALTA REMARCAR', 'NO PRESENTA', 'REGULAR', 'BUEN ESTADO', 'BUEN ESTADO', 'NO PRESENTA', 'BUEN ESTADO', NULL, NULL),
(47, 'BUENA', 'BUENA', 'BUENO', 'PINTURA', 'NO PRESENTA', 'NO PRESENTA', 'PINTURA', 'NO PRESENTA', 'NO PRESENTA', 'NO PRESENTA', 'BUEN ESTADO', 'NO PRESENTA', 'FALTA REMARCAR', 'NO PRESENTA', 'REGULAR', 'BUEN ESTADO', 'BUEN ESTADO', 'NO PRESENTA', 'BUEN ESTADO', NULL, NULL),
(48, 'REGULAR', 'BUENA', 'FALTA ESCAMONDA', 'PINTURA', 'PINTURA', 'NO PRESENTA', 'PINTURA', 'REPARAR', 'NO PRESENTA', 'BUEN ESTADO', 'BUEN ESTADO', 'NO PRESENTA', 'FALTA REMARCAR, REPO', 'FALTAN REMARCAR', 'BUEN ESTADO', 'BUEN ESTADO', 'NO PRESENTA', 'NO PRESENTA', 'BUEN ESTADO', NULL, NULL),
(49, 'BUENA', 'BUENA', 'BUENO', 'NO PRESENTA', 'NO PRESENTA', 'NO PRESENTA', 'NO PRESENTA', 'NO PRESENTA', 'NO PRESENTA', 'BUEN ESTADO', 'BUEN ESTADO', 'NO PRESENTA', 'NO PRESENTA', 'NO PRESENTA', 'REGULAR', 'BUEN ESTADO', 'BUEN ESTADO', 'NO PRESENTA', 'BUEN ESTADO', NULL, NULL),
(50, 'BUENA', 'BUENA', 'BUENO', 'NO PRESENTA', 'LIMPIEZA', 'NO PRESENTA', 'PINTURA', 'NO PRESENTA', 'NO PRESENTA', 'BUEN ESTADO', 'REPARAR', 'NO PRESENTA', 'NO PRESENTA', 'FALTAN REMARCAR', 'REGULAR', 'BUEN ESTADO', 'NO PRESENTA', 'NO PRESENTA', 'BUEN ESTADO', NULL, NULL),
(51, '', '', '', '', '', '', '', '', '', '', '', '', '', '', '', '', '', '', '', NULL, NULL),
(52, '', '', '', '', '', '', '', '', '', '', '', '', '', '', '', '', '', '', '', NULL, NULL),
(53, '', '', '', '', '', '', '', '', '', '', '', '', '', '', '', '', '', '', '', NULL, NULL),
(54, 'BUENA', 'BUENA', 'BUENO', 'NO PRESENTA', 'PROYECTAR', 'NO PRESENTA', 'NO PRESENTA', 'NO PRESENTA', 'NO PRESENTA', 'REPARAR', 'BUEN ESTADO', 'NO PRESENTA', 'NO PRESENTA', 'NO PRESENTA', 'BUEN ESTADO', 'BUEN ESTADO', 'BUEN ESTADO', 'NO PRESENTA', 'BUEN ESTADO', NULL, NULL),
(55, '', '', '', '', '', '', '', '', '', '', '', '', '', '', '', '', '', '', '', NULL, NULL),
(56, '', '', '', '', '', '', '', '', '', '', '', '', '', '', '', '', '', '', '', NULL, NULL),
(57, 'BUENA', 'BUENA', 'BUENO', 'PINTURA', 'BUEN ESTADO', 'NO PRESENTA', 'PINTURA', 'NO PRESENTA', 'BUEN ESTADO', 'BUEN ESTADO', 'BUEN ESTADO', 'NO PRESENTA', 'BUEN ESTADO', 'NO PRESENTA', 'REGULAR', 'BUEN ESTADO', 'BUEN ESTADO', 'NO PRESENTA', 'BUEN ESTADO', NULL, NULL),
(58, 'BUENA', 'BUENA', 'MUY BUENO', 'PINTURA', 'NO PRESENTA', 'NO PRESENTA', 'PINTURA', 'REPARAR', 'NO PRESENTA', 'NO PRESENTA', 'REPARAR', 'NO PRESENTA', 'REPONER ARENA', 'BUEN ESTADO', 'BUEN ESTADO', 'BUEN ESTADO', 'NO PRESENTA', 'NO PRESENTA', 'BUEN ESTADO', NULL, NULL),
(59, '', '', '', '', '', '', '', '', '', '', '', '', '', '', '', '', '', '', '', NULL, NULL),
(60, '', '', '', '', '', '', '', '', '', '', '', '', '', '', '', '', '', '', '', NULL, NULL),
(61, '', '', '', '', '', '', '', '', '', '', '', '', '', '', '', '', '', '', '', NULL, NULL),
(62, 'BUENA', 'BUENA', 'BUENO', 'PINTURA', 'NO PRESENTA', 'NO PRESENTA', 'PINTURA', 'NO PRESENTA', 'BUEN ESTADO', 'BUEN ESTADO', 'BUEN ESTADO', 'NO PRESENTA', 'BUEN ESTADO', 'NO PRESENTA', 'BUEN ESTADO', 'BUEN ESTADO', 'NO PRESENTA', 'NO PRESENTA', 'REPARAR', NULL, NULL),
(63, 'BUENA', 'BUENA', 'FALTA ESCAMONDA', 'PINTURA', 'NO PRESENTA', 'NO PRESENTA', 'NO PRESENTA', 'REPARAR', 'NO PRESENTA', 'NO PRESENTA', 'BUEN ESTADO', 'BUEN ESTADO', 'FALTA REMARCAR, REPO', 'NO PRESENTA', 'BUEN ESTADO', 'BUEN ESTADO', 'BUEN ESTADO', 'NO PRESENTA', 'BUEN ESTADO', NULL, NULL),
(64, 'BUENA', 'BUENA', 'FALTA ESCAMONDA', 'NO PRESENTA', 'BUEN ESTADO', 'NO PRESENTA', 'NO PRESENTA', 'BUEN ESTADO', 'NO PRESENTA', 'BUEN ESTADO', 'BUEN ESTADO', 'BUEN ESTADO', 'NO PRESENTA', 'NO PRESENTA', 'BUEN ESTADO', 'BUEN ESTADO', 'BUEN ESTADO', 'NO PRESENTA', 'BUEN ESTADO', NULL, NULL),
(65, '', '', '', '', '', '', '', '', '', '', '', '', '', '', '', '', '', '', '', NULL, NULL),
(66, '', '', '', '', '', '', '', '', '', '', '', '', '', '', '', '', '', '', '', NULL, NULL),
(67, 'BUENA', 'BUENA', 'FALTA ESCAMONDA', 'PINTURA', 'PROYECTAR', 'NO PRESENTA', 'PINTURA', 'BUEN ESTADO', 'NO PRESENTA', 'NO PRESENTA', 'BUEN ESTADO', 'NO PRESENTA', 'BUEN ESTADO', 'NO PRESENTA', 'REGULAR', 'BUEN ESTADO', 'NO PRESENTA', 'BUEN ESTADO', 'BUEN ESTADO', NULL, NULL),
(68, 'BUENA', 'BUENA', 'BUENO', 'PINTURA', 'PINTURA', 'NO PRESENTA', 'NO PRESENTA', 'NO PRESENTA', 'NO PRESENTA', 'BUEN ESTADO', 'BUEN ESTADO', 'NO PRESENTA', 'NO PRESENTA', 'NO PRESENTA', 'BUEN ESTADO', 'BUEN ESTADO', 'NO PRESENTA', 'NO PRESENTA', 'BUEN ESTADO', NULL, NULL),
(69, 'REGULAR', 'REGULAR', 'BUENO', 'BUEN ESTADO', 'NO PRESENTA', 'NO PRESENTA', 'NO PRESENTA', 'NO PRESENTA', 'NO PRESENTA', 'NO PRESENTA', 'BUEN ESTADO', 'NO PRESENTA', 'FALTA REMARCAR, REPO', 'NO PRESENTA', 'BUEN ESTADO', 'BUEN ESTADO', 'NO PRESENTA', 'NO PRESENTA', 'NO PRESENTA', NULL, NULL),
(70, 'MALA', 'CORTE DE CESPED', 'FALTA ESCAMONDA', 'BUEN ESTADO', 'PINTURA', 'NO PRESENTA', 'NO PRESENTA', 'REPARAR', 'NO PRESENTA', 'NO PRESENTA', 'BUEN ESTADO', 'NO PRESENTA', 'FALTA REMARCAR, REPO', 'NO PRESENTA', 'REGULAR', 'BUEN ESTADO', 'NO PRESENTA', 'REGULAR', 'NO ASISTIDO', NULL, NULL),
(71, 'MALA', 'BUENA', 'BUENO', 'PINTURA', 'NO PRESENTA', 'NO PRESENTA', 'NO PRESENTA', 'NO PRESENTA', 'NO PRESENTA', 'NO PRESENTA', 'BUEN ESTADO', 'NO PRESENTA', 'FALTA REMARCAR, REPO', 'NO PRESENTA', 'REGULAR', 'BUEN ESTADO', 'NO PRESENTA', 'NO PRESENTA', 'NO PRESENTA', NULL, NULL),
(72, 'MALA', 'BUENA', 'BUENO', 'PINTURA', 'NO PRESENTA', 'NO PRESENTA', 'NO PRESENTA', 'REPARAR', 'NO PRESENTA', 'NO PRESENTA', 'BUEN ESTADO', 'NO PRESENTA', 'FALTA REMARCAR, REPO', 'NO PRESENTA', 'REGULAR', 'BUEN ESTADO', 'NO PRESENTA', 'NO PRESENTA', 'BUEN ESTADO', NULL, NULL),
(73, 'BUENA', 'BUENA', 'BUENO', 'PINTURA', 'PINTURA', 'NO PRESENTA', 'NO PRESENTA', 'PINTURA', 'NO PRESENTA', 'NO PRESENTA', 'BUEN ESTADO', 'NO PRESENTA', 'BUEN ESTADO', 'REPONER GRANZA', 'BUEN ESTADO', 'BUEN ESTADO', 'NO PRESENTA', 'NO PRESENTA', 'BUEN ESTADO', NULL, NULL),
(74, 'BUENA', 'BUENA', 'BUENO', 'PINTURA', 'LIMPIEZA', 'PINTURA', 'PINTURA', 'NO PRESENTA', 'NO PRESENTA', 'BUEN ESTADO', 'BUEN ESTADO', 'NO PRESENTA', 'NO PRESENTA', 'NO PRESENTA', 'BUEN ESTADO', 'BUEN ESTADO', 'NO PRESENTA', 'NO PRESENTA', 'BUEN ESTADO', NULL, NULL),
(75, '', '', '', '', '', '', '', '', '', '', '', '', '', '', '', '', '', '', '', NULL, NULL),
(76, '', '', '', '', '', '', '', '', '', '', '', '', '', '', '', '', '', '', '', NULL, NULL),
(77, '', '', '', '', '', '', '', '', '', '', '', '', '', '', '', '', '', '', '', NULL, NULL),
(78, 'BUENA', 'BUENA', 'BUENO', 'NO PRESENTA', 'NO PRESENTA', 'NO PRESENTA', 'PINTURA', 'NO PRESENTA', 'NO PRESENTA', 'NO PRESENTA', 'REPARAR', 'NO PRESENTA', 'NO PRESENTA', 'NO PRESENTA', 'BUEN ESTADO', 'BUEN ESTADO', 'BUEN ESTADO', 'NO PRESENTA', 'BUEN ESTADO', NULL, NULL),
(79, 'BUENA', 'BUENA', 'BUENO', 'PINTURA', 'BUEN ESTADO', 'BUEN ESTADO', 'NO PRESENTA', 'NO PRESENTA', 'BUEN ESTADO', 'BUEN ESTADO', 'BUEN ESTADO', 'NO PRESENTA', 'BUEN ESTADO', 'NO PRESENTA', 'REGULAR', 'BUEN ESTADO', 'NO PRESENTA', 'NO PRESENTA', 'BUEN ESTADO', NULL, NULL),
(80, 'BUENA', 'BUENA', 'BUENO', 'PINTURA', 'LIMPIEZA', 'NO PRESENTA', 'PINTURA', 'NO PRESENTA', 'NO PRESENTA', 'BUEN ESTADO', 'BUEN ESTADO', 'BUEN ESTADO', 'BUEN ESTADO', 'FALTAN REMARCAR', 'BUEN ESTADO', 'BUEN ESTADO', 'NO PRESENTA', 'BUEN ESTADO', 'BUEN ESTADO', NULL, NULL),
(81, 'MALA', 'BUENA', 'BUENO', 'BUEN ESTADO', 'NO PRESENTA', 'NO PRESENTA', 'NO PRESENTA', 'PINTURA', 'NO PRESENTA', 'NO PRESENTA', 'BUEN ESTADO', 'NO PRESENTA', 'BUEN ESTADO', 'NO PRESENTA', 'BUEN ESTADO', 'BUEN ESTADO', 'NO PRESENTA', 'NO PRESENTA', 'BUEN ESTADO', NULL, NULL),
(82, 'BUENA', 'BUENA', 'BUENO', 'NO PRESENTA', 'NO PRESENTA', 'NO PRESENTA', 'NO PRESENTA', 'NO PRESENTA', 'NO PRESENTA', 'NO PRESENTA', 'NO PRESENTA', 'NO PRESENTA', 'NO PRESENTA', 'NO PRESENTA', 'BUEN ESTADO', 'BUEN ESTADO', 'NO PRESENTA', 'NO PRESENTA', 'NO PRESENTA', NULL, NULL),
(83, 'MALA', 'BUENA', 'FALTA ESCAMONDA', 'PINTURA', 'NO PRESENTA', 'NO PRESENTA', 'NO PRESENTA', 'NO PRESENTA', 'NO PRESENTA', 'REPARAR', 'REPARAR', 'NO PRESENTA', 'FALTA REMARCAR, REPO', 'NO PRESENTA', 'NO PRESENTA', 'BUEN ESTADO', 'NO PRESENTA', 'NO PRESENTA', 'NO PRESENTA', NULL, NULL),
(84, '', '', '', '', '', '', '', '', '', '', '', '', '', '', '', '', '', '', '', NULL, NULL),
(85, 'REGULAR', 'CORTE DE CESPED', 'FALTA ESCAMONDA', 'PINTURA', 'NO PRESENTA', 'NO PRESENTA', 'NO PRESENTA', 'NO PRESENTA', 'NO PRESENTA', 'NO PRESENTA', 'REPARAR', 'NO PRESENTA', 'FALTA REMARCAR, REPO', 'FALTAN REMARCAR', 'NO PRESENTA', 'BUEN ESTADO', 'NO PRESENTA', 'NO PRESENTA', 'NO PRESENTA', NULL, NULL),
(86, 'BUENA', 'BUENA', 'FALTA ESCAMONDA', 'PINTURA', 'NO PRESENTA', 'NO PRESENTA', 'NO PRESENTA', 'REPARAR', 'NO PRESENTA', 'NO PRESENTA', 'BUEN ESTADO', 'REPARAR/PINTAR', 'FALTA REMARCAR, REPO', 'NO PRESENTA', 'REGULAR', 'BUEN ESTADO', 'NO PRESENTA', 'NO PRESENTA', 'NO PRESENTA', NULL, NULL),
(87, '', '', '', '', '', '', '', '', '', '', '', '', '', '', '', '', '', '', '', NULL, NULL),
(88, 'BUENA', 'BUENA', 'FALTA ESCAMONDA', 'PINTURA', 'PROYECTAR', 'NO PRESENTA', 'PINTURA', 'REPARAR', 'NO PRESENTA', 'BUEN ESTADO', 'BUEN ESTADO', 'REPARAR/PINTAR', 'BUEN ESTADO', 'NO PRESENTA', 'REGULAR', 'BUEN ESTADO', 'NO PRESENTA', 'NO PRESENTA', 'REPARAR', NULL, NULL),
(89, 'MALA', 'CORTE DE CESPED', 'FALTA ESCAMONDA', 'PINTURA', 'NO PRESENTA', 'NO PRESENTA', 'NO PRESENTA', 'NO PRESENTA', 'NO PRESENTA', 'NO PRESENTA', 'NO PRESENTA', 'REPARAR/PINTAR', 'FALTA REMARCAR, REPO', 'NO PRESENTA', 'NO PRESENTA', 'REPARAR', 'NO PRESENTA', 'NO PRESENTA', 'NO PRESENTA', NULL, NULL),
(90, 'BUENA', 'CORTE DE CESPED', 'NO RELEVADO', 'NO PRESENTA', 'NO PRESENTA', 'NO PRESENTA', 'NO PRESENTA', 'NO PRESENTA', 'NO PRESENTA', 'NO PRESENTA', 'REPARAR', 'NO PRESENTA', 'NO PRESENTA', 'NO PRESENTA', 'NO PRESENTA', 'NO PRESENTA', 'NO PRESENTA', 'NO PRESENTA', 'NO PRESENTA', NULL, NULL),
(91, 'MALA', 'CORTE DE CESPED', 'FALTA ESCAMONDA', 'PINTURA', 'NO PRESENTA', 'NO PRESENTA', 'NO PRESENTA', 'NO PRESENTA', 'NO PRESENTA', 'NO PRESENTA', 'REPARAR', 'NO PRESENTA', 'FALTA REMARCAR, REPO', 'NO PRESENTA', 'REGULAR', 'REPARAR', 'NO PRESENTA', 'NO PRESENTA', 'NO PRESENTA', NULL, NULL),
(92, 'BUENA', 'CORTE DE CESPED', 'FALTA ESCAMONDA', 'PINTURA', 'NO PRESENTA', 'NO PRESENTA', 'NO PRESENTA', 'NO PRESENTA', 'NO PRESENTA', 'NO PRESENTA', 'NO PRESENTA', 'NO PRESENTA', 'NO PRESENTA', 'REALIZAR NUEVO', 'MAL ESTADO', 'REPARAR', 'NO PRESENTA', 'NO PRESENTA', 'NO PRESENTA', NULL, NULL),
(93, 'MALA', 'CORTE DE CESPED', 'FALTA ESCAMONDA', 'PINTURA', 'NO PRESENTA', 'NO PRESENTA', 'NO PRESENTA', 'NO PRESENTA', 'NO PRESENTA', 'NO PRESENTA', 'REPARAR', 'NO PRESENTA', 'FALTA REMARCAR, REPO', 'NO PRESENTA', 'REGULAR', 'REPARAR', 'NO PRESENTA', 'NO PRESENTA', 'NO PRESENTA', NULL, NULL),
(94, 'MALA', 'BUENA', 'BUENO', 'PINTURA', 'NO PRESENTA', 'PINTURA', 'PINTURA', 'NO PRESENTA', 'NO PRESENTA', 'BUEN ESTADO', 'BUEN ESTADO', 'REPARAR/PINTAR', 'FALTA REMARCAR, REPO', 'NO PRESENTA', 'BUEN ESTADO', 'BUEN ESTADO', 'NO PRESENTA', 'NO PRESENTA', 'NO ASISTIDO', NULL, NULL),
(95, 'REGULAR', 'REGULAR', 'FALTA ESCAMONDA', 'PINTURA', 'NO PRESENTA', 'NO PRESENTA', 'PINTURA', 'NO PRESENTA', 'NO PRESENTA', 'BUEN ESTADO', 'REPARAR', 'NO PRESENTA', 'NO PRESENTA', 'NO PRESENTA', 'MAL ESTADO', 'BUEN ESTADO', 'NO PRESENTA', 'NO PRESENTA', 'NO ASISTIDO', NULL, NULL),
(96, '', '', '', '', '', '', '', '', '', '', '', '', '', '', '', '', '', '', '', NULL, NULL),
(97, '', '', '', '', '', '', '', '', '', '', '', '', '', '', '', '', '', '', '', NULL, NULL),
(98, 'MALA', 'CORTE DE CESPED', 'FALTA ESCAMONDA', 'PINTURA', 'NO PRESENTA', 'NO PRESENTA', 'NO PRESENTA', 'NO PRESENTA', 'NO PRESENTA', 'NO PRESENTA', 'BUEN ESTADO', 'NO PRESENTA', 'FALTA REMARCAR, REPO', 'NO PRESENTA', 'BUEN ESTADO', 'BUEN ESTADO', 'NO PRESENTA', 'BUEN ESTADO', 'NO PRESENTA', NULL, NULL),
(99, '', '', '', '', '', '', '', '', '', '', '', '', '', '', '', '', '', '', '', NULL, NULL),
(100, '', '', '', '', '', '', '', '', '', '', '', '', '', '', '', '', '', '', '', NULL, NULL),
(101, '', '', '', '', '', '', '', '', '', '', '', '', '', '', '', '', '', '', '', NULL, NULL),
(102, '', '', '', '', '', '', '', '', '', '', '', '', '', '', '', '', '', '', '', NULL, NULL),
(103, '', '', '', '', '', '', '', '', '', '', '', '', '', '', '', '', '', '', '', NULL, NULL),
(104, '', '', '', '', '', '', '', '', '', '', '', '', '', '', '', '', '', '', '', NULL, NULL),
(105, 'BUENA', 'CORTE DE CESPED', 'FALTA ESCAMONDA', 'PINTURA', 'PROYECTAR', 'NO PRESENTA', 'NO PRESENTA', 'NO PRESENTA', 'NO PRESENTA', 'NO PRESENTA', 'BUEN ESTADO', 'REPARAR/PINTAR', 'FALTA REMARCAR, REPO', 'REALIZAR NUEVO', 'BUEN ESTADO', 'BUEN ESTADO', 'NO PRESENTA', 'NO PRESENTA', 'NO PRESENTA', NULL, NULL),
(106, '', '', '', '', '', '', '', '', '', '', '', '', '', '', '', '', '', '', '', NULL, NULL),
(107, '', '', '', '', '', '', '', '', '', '', '', '', '', '', '', '', '', '', '', NULL, NULL),
(108, '', '', '', '', '', '', '', '', '', '', '', '', '', '', '', '', '', '', '', NULL, NULL),
(109, '', '', '', '', '', '', '', '', '', '', '', '', '', '', '', '', '', '', '', NULL, NULL),
(110, '', '', '', '', '', '', '', '', '', '', '', '', '', '', '', '', '', '', '', NULL, NULL),
(111, '', '', '', '', '', '', '', '', '', '', '', '', '', '', '', '', '', '', '', NULL, NULL),
(112, 'REGULAR', 'BUENA', 'BUENO', 'PINTURA', 'NO PRESENTA', 'PINTURA', 'NO PRESENTA', 'REPARAR', 'NO PRESENTA', 'NO PRESENTA', 'BUEN ESTADO', 'REPARAR/PINTAR', 'FALTA REMARCAR, REPO', 'NO PRESENTA', 'BUEN ESTADO', 'REPARAR', 'NO PRESENTA', 'BUEN ESTADO', 'NO PRESENTA', NULL, NULL),
(113, '', '', '', '', '', '', '', '', '', '', '', '', '', '', '', '', '', '', '', NULL, NULL),
(114, '', '', '', '', '', '', '', '', '', '', '', '', '', '', '', '', '', '', '', NULL, NULL),
(115, 'BUENA', 'BUENA', 'FALTA ESCAMONDA', 'PINTURA', 'NO PRESENTA', 'NO PRESENTA', 'NO PRESENTA', 'NO PRESENTA', 'NO PRESENTA', 'NO PRESENTA', 'REPARAR', 'NO PRESENTA', 'FALTA REMARCAR, REPO', 'NO PRESENTA', 'BUEN ESTADO', 'REPARAR', 'NO PRESENTA', 'NO PRESENTA', 'NO ASISTIDO', NULL, NULL),
(116, 'REGULAR', 'CORTE DE CESPED', 'NO RELEVADO', 'PINTURA', 'NO PRESENTA', 'NO PRESENTA', 'NO PRESENTA', 'NO PRESENTA', 'NO PRESENTA', 'REPARAR', 'BUEN ESTADO', 'NO PRESENTA', 'FALTA REMARCAR, REPO', 'NO PRESENTA', 'MAL ESTADO', 'REPARAR', 'NO PRESENTA', 'NO PRESENTA', 'REPARAR', NULL, NULL),
(117, '', '', '', '', '', '', '', '', '', '', '', '', '', '', '', '', '', '', '', NULL, NULL),
(118, 'REGULAR', 'MAL', 'FALTA ESCAMONDA', 'PINTURA', 'NO PRESENTA', 'NO PRESENTA', 'NO PRESENTA', 'NO PRESENTA', 'NO PRESENTA', 'NO PRESENTA', 'REPARAR', 'NO PRESENTA', 'NO PRESENTA', 'NO PRESENTA', 'REGULAR', 'REPARAR', 'NO PRESENTA', 'NO PRESENTA', 'NO PRESENTA', NULL, NULL),
(119, 'MALA', 'CORTE DE CESPED', 'FALTA ESCAMONDA', 'PINTURA', 'NO PRESENTA', 'NO PRESENTA', 'NO PRESENTA', 'NO PRESENTA', 'NO PRESENTA', 'NO PRESENTA', 'REPARAR', 'NO PRESENTA', 'NO PRESENTA', 'NO PRESENTA', 'MAL ESTADO', 'REPARAR', 'NO PRESENTA', 'NO PRESENTA', 'NO PRESENTA', NULL, NULL),
(120, 'MALA', 'MAL', 'FALTA ESCAMONDA', 'PINTURA', 'NO PRESENTA', 'NO PRESENTA', 'NO PRESENTA', 'NO PRESENTA', 'NO PRESENTA', 'NO PRESENTA', 'NO PRESENTA', 'NO PRESENTA', 'FALTA REMARCAR, REPO', 'REALIZAR NUEVO', 'MAL ESTADO', 'REPARAR', 'NO PRESENTA', 'NO PRESENTA', 'NO PRESENTA', NULL, NULL),
(121, 'BUENA', 'BUENA', 'FALTA ESCAMONDA', 'NO PRESENTA', 'NO PRESENTA', 'NO PRESENTA', 'NO PRESENTA', 'NO PRESENTA', 'NO PRESENTA', 'NO PRESENTA', 'BUEN ESTADO', 'NO PRESENTA', 'NO PRESENTA', 'NO PRESENTA', 'BUEN ESTADO', 'BUEN ESTADO', 'NO PRESENTA', 'NO PRESENTA', 'BUEN ESTADO', NULL, NULL),
(122, 'REGULAR', 'CORTE DE CESPED', 'FALTA ESCAMONDA', 'PINTURA', 'NO PRESENTA', 'NO PRESENTA', 'NO PRESENTA', 'NO PRESENTA', 'NO PRESENTA', 'NO PRESENTA', 'REPARAR', 'NO PRESENTA', 'FALTA REMARCAR, REPO', 'REALIZAR NUEVO', 'BUEN ESTADO', 'BUEN ESTADO', 'NO PRESENTA', 'NO PRESENTA', 'NO PRESENTA', NULL, NULL),
(123, 'BUENA', 'CORTE DE CESPED', 'FALTA ESCAMONDA', 'BUEN ESTADO', 'NO PRESENTA', 'NO PRESENTA', 'NO PRESENTA', 'NO PRESENTA', 'NO PRESENTA', 'NO PRESENTA', 'BUEN ESTADO', 'NO PRESENTA', 'FALTA REMARCAR, REPO', 'NO PRESENTA', 'REGULAR', 'BUEN ESTADO', 'NO PRESENTA', 'NO PRESENTA', 'BUEN ESTADO', NULL, NULL),
(124, 'BUENA', 'BUENA', 'BUENO', 'BUEN ESTADO', 'NO PRESENTA', 'NO PRESENTA', 'NO PRESENTA', 'NO PRESENTA', 'NO PRESENTA', 'NO PRESENTA', 'BUEN ESTADO', 'NO PRESENTA', 'FALTA REMARCAR, REPO', 'NO PRESENTA', 'BUEN ESTADO', 'BUEN ESTADO', 'NO PRESENTA', 'NO PRESENTA', 'NO PRESENTA', NULL, NULL),
(125, 'REGULAR', 'CORTE DE CESPED', 'FALTA ESCAMONDA', 'MOVIMIENTOS', 'NO PRESENTA', 'NO PRESENTA', 'NO PRESENTA', 'NO PRESENTA', 'NO PRESENTA', 'NO PRESENTA', 'NO PRESENTA', 'NO PRESENTA', 'FALTA REMARCAR, REPO', 'NO PRESENTA', 'NO PRESENTA', 'BUEN ESTADO', 'NO PRESENTA', 'NO PRESENTA', 'NO PRESENTA', NULL, NULL),
(126, 'REGULAR', 'BUENA', 'BUENO', 'PINTURA', 'NO PRESENTA', 'NO PRESENTA', 'NO PRESENTA', 'NO PRESENTA', 'NO PRESENTA', 'NO PRESENTA', 'REPARAR', 'NO PRESENTA', 'FALTA REMARCAR, REPO', 'NO PRESENTA', 'BUEN ESTADO', 'PROYECTAR', 'NO PRESENTA', 'NO PRESENTA', 'NO PRESENTA', NULL, NULL),
(127, 'BUENA', 'BUENA', 'FALTA ESCAMONDA', 'ASIENTOS', 'NO PRESENTA', 'NO PRESENTA', 'NO PRESENTA', 'NO PRESENTA', 'NO PRESENTA', 'NO PRESENTA', 'BUEN ESTADO', 'NO PRESENTA', 'FALTA REMARCAR, REPO', 'NO PRESENTA', 'NO PRESENTA', 'BUEN ESTADO', 'NO PRESENTA', 'NO PRESENTA', 'NO PRESENTA', NULL, NULL),
(128, 'BUENA', 'BUENA', 'FALTA ESCAMONDA', '', 'NO PRESENTA', 'NO PRESENTA', 'NO PRESENTA', 'NO PRESENTA', 'NO PRESENTA', 'NO PRESENTA', 'REPARAR', 'NO PRESENTA', 'NO PRESENTA', 'NO PRESENTA', 'REGULAR', 'REPARAR', 'NO PRESENTA', 'REGULAR', 'NO PRESENTA', NULL, NULL),
(129, 'MALA', 'REGULAR', 'FALTA ESCAMONDA', 'PINTURA', 'NO PRESENTA', 'NO PRESENTA', 'NO PRESENTA', 'NO PRESENTA', 'NO PRESENTA', 'NO PRESENTA', 'NO PRESENTA', 'NO PRESENTA', 'NO PRESENTA', 'NO PRESENTA', 'REGULAR', 'BUEN ESTADO', 'NO PRESENTA', 'NO PRESENTA', 'NO PRESENTA', NULL, NULL),
(130, 'MALA', 'MAL', 'BUENO', 'PINTURA', 'NO PRESENTA', 'NO PRESENTA', 'NO PRESENTA', 'NO PRESENTA', 'NO PRESENTA', 'NO PRESENTA', 'BUEN ESTADO', 'NO PRESENTA', 'FALTA REMARCAR, REPO', 'NO PRESENTA', 'MAL ESTADO', 'BUEN ESTADO', 'NO PRESENTA', 'NO PRESENTA', 'NO PRESENTA', NULL, NULL),
(131, 'REGULAR', 'BUENA', 'BUENO', 'PINTURA', 'NO PRESENTA', 'BUEN ESTADO', 'NO PRESENTA', 'NO PRESENTA', 'NO PRESENTA', 'NO PRESENTA', 'BUEN ESTADO', 'NO PRESENTA', 'BUEN ESTADO', 'NO PRESENTA', 'BUEN ESTADO', 'BUEN ESTADO', 'NO PRESENTA', 'NO PRESENTA', 'NO PRESENTA', NULL, NULL),
(132, '', '', '', '', '', '', '', '', '', '', '', '', '', '', '', '', '', '', '', NULL, NULL),
(133, 'MALA', 'CORTE DE CESPED', 'BUENO', 'PINTURA', 'NO PRESENTA', 'NO PRESENTA', 'NO PRESENTA', 'NO PRESENTA', 'NO PRESENTA', 'NO PRESENTA', 'NO PRESENTA', 'REPARAR/PINTAR', 'FALTA REMARCAR, REPO', 'NO PRESENTA', 'NO PRESENTA', 'BUEN ESTADO', 'NO PRESENTA', 'NO PRESENTA', 'NO PRESENTA', NULL, NULL),
(134, 'BUENA', 'BUENA', 'BUENO', 'PINTURA', 'NO PRESENTA', 'NO PRESENTA', 'NO PRESENTA', 'NO PRESENTA', 'NO PRESENTA', 'NO PRESENTA', 'NO PRESENTA', 'NO PRESENTA', 'FALTA REMARCAR, REPO', 'NO PRESENTA', 'NO PRESENTA', 'BUEN ESTADO', 'NO PRESENTA', 'NO PRESENTA', 'NO PRESENTA', NULL, NULL),
(135, 'REGULAR', 'BUENA', 'BUENO', 'NO PRESENTA', 'PINTURA', 'NO PRESENTA', 'NO PRESENTA', 'NO PRESENTA', 'NO PRESENTA', 'NO PRESENTA', 'BUEN ESTADO', 'NO PRESENTA', 'NO PRESENTA', 'NO PRESENTA', 'BUEN ESTADO', 'BUEN ESTADO', 'NO PRESENTA', 'NO PRESENTA', 'NO ASISTIDO', NULL, NULL),
(136, 'REGULAR', 'BUENA', 'FALTA ESCAMONDA', 'PINTURA', 'NO PRESENTA', 'NO PRESENTA', 'NO PRESENTA', 'NO PRESENTA', 'NO PRESENTA', 'NO PRESENTA', 'BUEN ESTADO', 'NO PRESENTA', 'FALTA REMARCAR, REPO', 'NO PRESENTA', 'BUEN ESTADO', 'BUEN ESTADO', 'NO PRESENTA', 'NO PRESENTA', 'NO PRESENTA', NULL, NULL),
(137, 'MALA', 'BUENA', 'BUENO', 'PINTURA', 'NO PRESENTA', 'NO PRESENTA', 'NO PRESENTA', 'NO PRESENTA', 'NO PRESENTA', 'NO PRESENTA', 'REPONER', 'REPARAR/PINTAR', 'FALTA REMARCAR, REPO', 'REALIZAR NUEVO', 'MAL ESTADO', 'BUEN ESTADO', 'NO PRESENTA', 'NO PRESENTA', 'NO PRESENTA', NULL, NULL),
(138, 'BUENA', 'BUENA', 'FALTA ESCAMONDA', 'PINTURA', 'NO PRESENTA', 'NO PRESENTA', 'NO PRESENTA', 'NO PRESENTA', 'NO PRESENTA', 'NO PRESENTA', 'NO PRESENTA', 'NO PRESENTA', 'FALTA REMARCAR, REPO', 'REALIZAR NUEVO', 'NO PRESENTA', 'BUEN ESTADO', 'NO PRESENTA', 'NO PRESENTA', 'NO PRESENTA', NULL, NULL),
(139, '', '', '', '', '', '', '', '', '', '', '', '', '', '', '', '', '', '', '', NULL, NULL),
(140, 'REGULAR', 'CORTE DE CESPED', 'FALTA ESCAMONDA', 'PINTURA', 'NO PRESENTA', 'NO PRESENTA', 'PINTURA', 'NO PRESENTA', 'NO PRESENTA', 'BUEN ESTADO', 'BUEN ESTADO', 'REPARAR/PINTAR', 'FALTA REMARCAR, REPO', 'NO PRESENTA', 'REGULAR', 'BUEN ESTADO', 'NO PRESENTA', 'NO PRESENTA', 'NO ASISTIDO', NULL, NULL),
(141, 'BUENA', 'BUENA', 'BUENO', 'PINTURA', 'NO PRESENTA', 'NO PRESENTA', 'NO PRESENTA', 'NO PRESENTA', 'NO PRESENTA', 'NO PRESENTA', 'NO PRESENTA', 'NO PRESENTA', 'FALTA REMARCAR, REPO', 'NO PRESENTA', 'BUEN ESTADO', 'BUEN ESTADO', 'NO PRESENTA', 'NO PRESENTA', 'NO PRESENTA', NULL, NULL),
(142, 'MALA', 'REGULAR', 'NO RELEVADO', 'PINTURA', 'NO PRESENTA', 'NO PRESENTA', 'NO PRESENTA', 'NO PRESENTA', 'NO PRESENTA', 'NO PRESENTA', 'BUEN ESTADO', 'NO PRESENTA', 'FALTA REMARCAR, REPO', 'NO PRESENTA', 'BUEN ESTADO', 'NO PRESENTA', 'NO PRESENTA', 'BUEN ESTADO', 'NO PRESENTA', NULL, NULL),
(143, 'MALA', 'REGULAR', 'NO RELEVADO', 'PINTURA', 'NO PRESENTA', 'NO PRESENTA', 'NO PRESENTA', 'NO PRESENTA', 'NO PRESENTA', 'NO PRESENTA', 'BUEN ESTADO', 'NO PRESENTA', 'FALTA REMARCAR, REPO', 'NO PRESENTA', 'REGULAR', 'NO PRESENTA', 'NO PRESENTA', 'NO PRESENTA', 'NO PRESENTA', NULL, NULL),
(144, '', '', '', '', '', '', '', '', '', '', '', '', '', '', '', '', '', '', '', NULL, NULL),
(145, 'REGULAR', 'BUENA', 'NO RELEVADO', 'PINTURA', 'NO PRESENTA', 'NO PRESENTA', 'NO PRESENTA', 'NO PRESENTA', 'NO PRESENTA', 'NO PRESENTA', 'NO PRESENTA', 'NO PRESENTA', 'FALTA REMARCAR, REPO', 'NO PRESENTA', 'NO PRESENTA', 'BUEN ESTADO', 'NO PRESENTA', 'NO PRESENTA', 'NO PRESENTA', NULL, NULL),
(146, 'REGULAR', 'REGULAR', 'FALTA ESCAMONDA', 'PINTURA', 'NO PRESENTA', 'NO PRESENTA', 'NO PRESENTA', 'NO PRESENTA', 'NO PRESENTA', 'BUEN ESTADO', 'REPARAR', 'NO PRESENTA', 'FALTA REMARCAR, REPO', 'NO PRESENTA', 'BUEN ESTADO', 'BUEN ESTADO', 'NO PRESENTA', 'NO PRESENTA', 'NO PRESENTA', NULL, NULL),
(147, 'REGULAR', 'BUENA', 'BUENO', 'PINTURA', 'NO PRESENTA', 'NO PRESENTA', 'NO PRESENTA', 'NO PRESENTA', 'NO PRESENTA', 'NO PRESENTA', 'BUEN ESTADO', 'NO PRESENTA', 'NO PRESENTA', 'NO PRESENTA', 'BUEN ESTADO', 'BUEN ESTADO', 'NO PRESENTA', 'NO PRESENTA', 'NO PRESENTA', NULL, NULL),
(148, 'MALA', 'REGULAR', 'FALTA ESCAMONDA', 'NO PRESENTA', 'NO PRESENTA', 'NO PRESENTA', '', 'NO PRESENTA', 'NO PRESENTA', 'NO PRESENTA', 'REPONER', 'NO PRESENTA', 'NO PRESENTA', 'NO PRESENTA', 'NO PRESENTA', 'NO PRESENTA', 'NO PRESENTA', 'NO PRESENTA', 'REPONER', NULL, NULL),
(149, 'BUENA', 'BUENA', 'FALTA ESCAMONDA', 'NO PRESENTA', 'BUEN ESTADO', 'NO PRESENTA', 'NO PRESENTA', 'NO PRESENTA', 'NO PRESENTA', 'BUEN ESTADO', 'BUEN ESTADO', 'NO PRESENTA', 'NO PRESENTA', 'FALTAN REMARCAR', 'REGULAR', 'BUEN ESTADO', 'NO PRESENTA', 'NO PRESENTA', 'BUEN ESTADO', NULL, NULL),
(150, 'BUENA', 'BUENA', 'FALTA ESCAMONDA', 'PINTURA', 'NO PRESENTA', 'NO PRESENTA', 'NO PRESENTA', 'NO PRESENTA', 'NO PRESENTA', 'BUEN ESTADO', 'REPARAR', 'NO PRESENTA', 'REPONER ARENA', 'NO PRESENTA', 'REGULAR', 'BUEN ESTADO', 'NO PRESENTA', 'NO PRESENTA', 'NO PRESENTA', NULL, NULL),
(151, 'REGULAR', 'BUENA', 'BUENO', 'PINTURA', 'NO PRESENTA', 'NO PRESENTA', 'NO PRESENTA', 'NO PRESENTA', 'NO PRESENTA', 'NO PRESENTA', 'REPARAR', 'NO PRESENTA', 'REPONER ARENA', 'NO PRESENTA', 'MAL ESTADO', 'REPARAR', 'NO PRESENTA', 'NO PRESENTA', 'NO PRESENTA', NULL, NULL),
(152, 'REGULAR', 'CORTE DE CESPED', 'BUENO', 'PINTURA', 'NO PRESENTA', 'NO PRESENTA', 'NO PRESENTA', 'NO PRESENTA', 'NO PRESENTA', 'REPARAR', 'REPARAR', 'NO PRESENTA', 'REPONER ARENA', 'NO PRESENTA', 'BUEN ESTADO', 'BUEN ESTADO', 'NO PRESENTA', 'NO PRESENTA', 'NO PRESENTA', NULL, NULL),
(153, '', '', '', '', '', '', '', '', '', '', '', '', '', '', '', '', '', '', '', NULL, NULL),
(154, '', '', '', '', '', '', '', '', '', '', '', '', '', '', '', '', '', '', '', NULL, NULL),
(155, 'REGULAR', 'BUENA', 'FALTA ESCAMONDA', 'PINTURA', 'NO PRESENTA', 'NO PRESENTA', 'NO PRESENTA', 'NO PRESENTA', 'NO PRESENTA', 'NO PRESENTA', 'BUEN ESTADO', 'NO PRESENTA', 'FALTA REMARCAR, REPO', 'NO PRESENTA', 'BUEN ESTADO', 'BUEN ESTADO', 'NO PRESENTA', 'NO PRESENTA', 'NO PRESENTA', NULL, NULL),
(156, 'BUENA', 'BUENA', 'BUENO', 'NO PRESENTA', 'NO PRESENTA', 'NO PRESENTA', 'NO PRESENTA', 'NO PRESENTA', 'NO PRESENTA', 'NO PRESENTA', 'BUEN ESTADO', 'REPARAR/PINTAR', 'NO PRESENTA', 'NO PRESENTA', 'BUEN ESTADO', 'BUEN ESTADO', 'NO PRESENTA', 'NO PRESENTA', 'NO PRESENTA', NULL, NULL),
(157, '', '', '', '', '', '', '', '', '', '', '', '', '', '', '', '', '', '', '', NULL, NULL),
(158, 'REGULAR', 'BUENA', 'BUENO', 'PINTURA', 'NO PRESENTA', 'NO PRESENTA', 'NO PRESENTA', 'NO PRESENTA', 'NO PRESENTA', 'NO PRESENTA', 'REPARAR', 'NO PRESENTA', 'FALTA REMARCAR, REPO', 'NO PRESENTA', 'REGULAR', 'NO PRESENTA', 'NO PRESENTA', 'NO PRESENTA', 'NO PRESENTA', NULL, NULL),
(159, 'MALA', 'CORTE DE CESPED', 'FALTA ESCAMONDA', 'PINTURA', 'NO PRESENTA', 'NO PRESENTA', 'NO PRESENTA', 'NO PRESENTA', 'NO PRESENTA', 'NO PRESENTA', 'NO PRESENTA', 'NO PRESENTA', 'FALTA REMARCAR, REPO', 'REALIZAR NUEVO', 'BUEN ESTADO', 'NO PRESENTA', 'NO PRESENTA', 'NO PRESENTA', 'NO PRESENTA', NULL, NULL),
(160, 'BUENA', 'BUENA', 'BUENO', 'NO PRESENTA', 'LIMPIEZA, PINTURA', 'PINTURA', 'PINTURA', 'NO PRESENTA', 'NO PRESENTA', 'NO PRESENTA', 'BUEN ESTADO', 'NO PRESENTA', 'NO PRESENTA', 'NO PRESENTA', 'BUEN ESTADO', 'PROYECTAR', 'NO PRESENTA', 'NO PRESENTA', 'NO PRESENTA', NULL, NULL),
(161, 'REGULAR', 'BUENA', 'BUENO', 'BUEN ESTADO', 'NO PRESENTA', 'NO PRESENTA', 'NO PRESENTA', 'BUEN ESTADO', 'NO PRESENTA', 'BUEN ESTADO', 'BUEN ESTADO', 'REPARAR/PINTAR', 'BUEN ESTADO', 'NO PRESENTA', 'BUEN ESTADO', 'BUEN ESTADO', 'NO PRESENTA', 'NO PRESENTA', 'BUEN ESTADO', NULL, NULL),
(162, 'REGULAR', 'REGULAR', 'BUENO', 'NO PRESENTA', 'NO PRESENTA', 'NO PRESENTA', 'NO PRESENTA', 'NO PRESENTA', 'NO PRESENTA', 'NO PRESENTA', 'REPARAR', 'NO PRESENTA', 'NO PRESENTA', 'NO PRESENTA', 'MAL ESTADO', 'BUEN ESTADO', 'NO PRESENTA', 'NO PRESENTA', 'NO PRESENTA', NULL, NULL),
(163, 'REGULAR', 'BUENA', 'BUENO', 'PINTURA', 'LIMPIEZA, PINTURA', 'BARNIZAR', 'PINTURA', 'PINTURA', 'NO PRESENTA', 'BUEN ESTADO', 'BUEN ESTADO', 'NO PRESENTA', 'BUEN ESTADO', 'REPONER GRANZA', 'BUEN ESTADO', 'BUEN ESTADO', 'BUEN ESTADO', 'BUEN ESTADO', 'BUEN ESTADO', NULL, NULL),
(164, 'REGULAR', 'BUENA', 'MUY BUENO', 'BUEN ESTADO', 'NO PRESENTA', 'NO PRESENTA', 'NO PRESENTA', 'NO PRESENTA', 'NO PRESENTA', 'NO PRESENTA', 'BUEN ESTADO', 'NO PRESENTA', 'FALTA REMARCAR, REPO', 'NO PRESENTA', 'BUEN ESTADO', 'BUEN ESTADO', 'NO PRESENTA', 'BUEN ESTADO', 'REPARAR', NULL, NULL),
(165, 'MALA', 'REGULAR', 'FALTA ESCAMONDA', 'PINTURA', 'NO PRESENTA', 'NO PRESENTA', 'NO PRESENTA', 'NO PRESENTA', 'NO PRESENTA', 'NO PRESENTA', 'REPARAR', 'NO PRESENTA', 'FALTA REMARCAR, REPO', 'NO PRESENTA', 'MAL ESTADO', 'BUEN ESTADO', 'NO PRESENTA', 'NO PRESENTA', 'NO PRESENTA', NULL, NULL),
(166, '', '', '', '', '', '', '', '', '', '', '', '', '', '', '', '', '', '', '', NULL, NULL),
(167, 'BUENA', 'BUENA', 'FALTA ESCAMONDA', 'BUEN ESTADO', 'NO PRESENTA', 'NO PRESENTA', 'NO PRESENTA', 'NO PRESENTA', 'NO PRESENTA', 'BUEN ESTADO', 'BUEN ESTADO', 'BUEN ESTADO', 'FALTA REMARCAR, REPO', 'NO PRESENTA', 'REGULAR', 'BUEN ESTADO', 'BUEN ESTADO', 'NO PRESENTA', 'BUEN ESTADO', NULL, NULL),
(168, 'BUENA', 'BUENA', 'BUENO', 'PINTURA', 'NO PRESENTA', 'NO PRESENTA', 'NO PRESENTA', 'NO PRESENTA', 'NO PRESENTA', 'NO PRESENTA', 'NO PRESENTA', 'NO PRESENTA', 'FALTA REMARCAR, REPO', 'NO PRESENTA', 'BUEN ESTADO', 'NO PRESENTA', 'NO PRESENTA', 'NO PRESENTA', 'NO PRESENTA', NULL, NULL),
(169, 'BUENA', 'BUENA', 'BUENO', 'PINTURA', 'BUEN ESTADO', 'NO PRESENTA', 'PINTURA', 'NO PRESENTA', 'NO PRESENTA', 'REPARAR', 'BUEN ESTADO', 'NO PRESENTA', 'FALTA REMARCAR, REPO', 'NO PRESENTA', 'REGULAR', 'BUEN ESTADO', 'NO PRESENTA', 'BUEN ESTADO', 'REPARAR', NULL, NULL),
(170, 'REGULAR', 'REGULAR', 'FALTA ESCAMONDA', 'PINTURA', 'BUEN ESTADO', 'NO PRESENTA', 'BUEN ESTADO', 'BUEN ESTADO', 'NO PRESENTA', 'BUEN ESTADO', 'BUEN ESTADO', 'REPARAR/PINTAR', 'FALTA REMARCAR', 'NO PRESENTA', 'BUEN ESTADO', 'BUEN ESTADO', 'REGULAR', 'REGULAR', 'BUEN ESTADO', NULL, NULL),
(171, '', '', '', '', '', '', '', '', '', '', '', '', '', '', '', '', '', '', '', NULL, NULL),
(172, 'REGULAR', 'REGULAR', 'FALTA ESCAMONDA', 'NO PRESENTA', 'NO PRESENTA', 'NO PRESENTA', 'NO PRESENTA', 'NO PRESENTA', 'NO PRESENTA', 'REPARAR', 'NO PRESENTA', 'NO PRESENTA', 'NO PRESENTA', 'NO PRESENTA', 'MAL ESTADO', 'BUEN ESTADO', 'NO PRESENTA', 'NO PRESENTA', 'NO PRESENTA', NULL, NULL),
(173, '', '', '', '', '', '', '', '', '', '', '', '', '', '', '', '', '', '', '', NULL, NULL),
(174, 'BUENA', 'BUENA', 'FALTA ESCAMONDA', 'NO PRESENTA', 'NO PRESENTA', 'NO PRESENTA', 'PINTURA', 'NO PRESENTA', 'NO PRESENTA', 'REPARAR', 'BUEN ESTADO', 'NO PRESENTA', 'NO PRESENTA', 'FALTAN REMARCAR', 'BUEN ESTADO', 'BUEN ESTADO', 'BUEN ESTADO', 'NO PRESENTA', 'BUEN ESTADO', NULL, NULL),
(175, 'BUENA', 'BUENA', 'FALTA ESCAMONDA', 'PINTURA', 'NO PRESENTA', 'NO PRESENTA', 'PINTURA', 'NO PRESENTA', 'NO PRESENTA', 'BUEN ESTADO', 'BUEN ESTADO', 'BUEN ESTADO', 'FALTA REMARCAR, REPO', 'FALTAN REMARCAR', 'BUEN ESTADO', 'BUEN ESTADO', 'BUEN ESTADO', 'NO PRESENTA', 'BUEN ESTADO', NULL, NULL),
(176, 'BUENA', 'BUENA', 'FALTA ESCAMONDA', 'NO PRESENTA', 'PINTURA', 'NO PRESENTA', 'PINTURA', 'NO PRESENTA', 'NO PRESENTA', 'NO PRESENTA', 'BUEN ESTADO', 'NO PRESENTA', 'NO PRESENTA', 'FALTAN REMARCAR', 'BUEN ESTADO', 'PROYECTAR', 'NO PRESENTA', 'NO PRESENTA', 'REPARAR', NULL, NULL),
(177, 'BUENA', 'BUENA', 'FALTA ESCAMONDA', 'BUEN ESTADO', 'NO PRESENTA', 'NO PRESENTA', 'NO PRESENTA', 'NO PRESENTA', 'NO PRESENTA', 'NO PRESENTA', 'BUEN ESTADO', 'NO PRESENTA', 'FALTA REMARCAR, REPO', 'NO PRESENTA', 'BUEN ESTADO', 'BUEN ESTADO', 'NO PRESENTA', 'NO PRESENTA', 'BUEN ESTADO', NULL, NULL),
(178, '', '', '', '', '', '', '', '', '', '', '', '', '', '', '', '', '', '', '', NULL, NULL),
(179, 'BUENA', 'BUENA', 'FALTA ESCAMONDA', 'PINTURA', 'NO PRESENTA', 'NO PRESENTA', 'NO PRESENTA', 'BUEN ESTADO', 'NO PRESENTA', 'BUEN ESTADO', 'BUEN ESTADO', 'NO PRESENTA', 'BUEN ESTADO', 'NO PRESENTA', 'REGULAR', 'REPARAR', 'NO PRESENTA', 'NO PRESENTA', 'NO PRESENTA', NULL, NULL),
(180, '', '', '', '', '', '', '', '', '', '', '', '', '', '', '', '', '', '', '', NULL, NULL),
(181, 'REGULAR', 'CORTE DE CESPED', 'BUENO', 'NO PRESENTA', 'NO PRESENTA', 'NO PRESENTA', 'NO PRESENTA', 'NO PRESENTA', 'NO PRESENTA', 'NO PRESENTA', 'BUEN ESTADO', '', 'NO PRESENTA', 'NO PRESENTA', 'BUEN ESTADO', 'BUEN ESTADO', 'NO PRESENTA', 'BUEN ESTADO', 'NO PRESENTA', NULL, NULL),
(182, '', '', '', '', '', '', '', '', '', '', '', '', '', '', 'NO PRESENTA', '', 'BUEN ESTADO', '', '', NULL, NULL),
(183, 'BUENA', 'BUENA', 'FALTA ESCAMONDA', 'PINTURA', 'NO PRESENTA', 'NO PRESENTA', 'NO PRESENTA', 'NO PRESENTA', 'NO PRESENTA', 'NO PRESENTA', 'BUEN ESTADO', 'NO PRESENTA', 'FALTA REMARCAR, REPO', 'NO PRESENTA', 'BUEN ESTADO', 'BUEN ESTADO', 'NO PRESENTA', 'NO PRESENTA', 'BUEN ESTADO', NULL, NULL),
(184, '', '', '', '', '', '', '', '', '', '', '', '', '', '', '', '', '', '', '', NULL, NULL),
(185, 'BUENA', 'BUENA', 'FALTA ESCAMONDA', 'ASIENTOS', 'NO PRESENTA', 'NO PRESENTA', 'NO PRESENTA', 'NO PRESENTA', 'NO PRESENTA', 'REPARAR', 'BUEN ESTADO', 'REPARAR/PINTAR', 'BUEN ESTADO', 'REPONER GRANZA', 'BUEN ESTADO', 'BUEN ESTADO', 'NO PRESENTA', 'NO PRESENTA', 'BUEN ESTADO', NULL, NULL),
(186, 'REGULAR', 'BUENA', 'NO RELEVADO', 'PINTURA', 'NO PRESENTA', 'NO PRESENTA', 'NO PRESENTA', 'NO PRESENTA', 'NO PRESENTA', 'NO PRESENTA', 'REPARAR', 'NO PRESENTA', 'FALTA REMARCAR, REPO', 'NO PRESENTA', 'BUEN ESTADO', 'BUEN ESTADO', 'NO PRESENTA', 'REGULAR', 'NO ASISTIDO', NULL, NULL),
(187, 'REGULAR', 'REGULAR', 'BUENO', 'NO PRESENTA', 'NO PRESENTA', 'NO PRESENTA', 'NO PRESENTA', 'NO PRESENTA', 'NO PRESENTA', 'NO PRESENTA', 'REPARAR', 'NO PRESENTA', 'NO PRESENTA', 'NO PRESENTA', 'BUEN ESTADO', 'BUEN ESTADO', 'NO PRESENTA', 'MAL ESTADO', 'NO PRESENTA', NULL, NULL),
(188, 'MALA', 'CORTE DE CESPED', 'FALTA ESCAMONDA', 'BUEN ESTADO', 'NO PRESENTA', 'NO PRESENTA', 'NO PRESENTA', 'NO PRESENTA', 'NO PRESENTA', 'NO PRESENTA', 'BUEN ESTADO', 'NO PRESENTA', 'FALTA REMARCAR, REPO', 'NO PRESENTA', 'NO PRESENTA', 'REPARAR', 'BUEN ESTADO', 'NO PRESENTA', 'NO PRESENTA', NULL, NULL),
(189, '', '', '', '', '', '', '', '', '', '', '', '', '', '', '', '', '', '', '', NULL, NULL),
(190, '', '', '', '', '', '', '', '', '', '', '', '', '', '', 'BUEN ESTADO', '', '', '', '', NULL, NULL),
(191, '', '', '', '', '', '', '', '', '', '', '', '', '', '', '', '', '', '', '', NULL, NULL),
(192, 'MUY BUENA', 'BUENA', 'BUENO', 'NO PRESENTA', 'LIMPIEZA, PINTURA', 'PINTURA', 'PINTURA', 'NO PRESENTA', 'NO PRESENTA', 'BUEN ESTADO', 'BUEN ESTADO', 'REPARAR/PINTAR', 'NO PRESENTA', 'NO PRESENTA', 'BUEN ESTADO', 'BUEN ESTADO', 'NO PRESENTA', 'NO PRESENTA', 'BUEN ESTADO', NULL, NULL),
(193, '', '', '', '', '', '', '', '', '', '', '', '', '', '', '', '', '', '', '', NULL, NULL),
(194, '', '', '', '', '', '', '', '', '', '', '', '', '', '', '', '', '', '', '', NULL, NULL),
(195, '', '', '', '', '', '', '', '', '', '', '', '', '', '', 'NO PRESENTA', '', '', '', '', NULL, NULL),
(196, 'MALA', 'REGULAR', 'FALTA ESCAMONDA', 'BUEN ESTADO', 'NO PRESENTA', 'NO PRESENTA', 'NO PRESENTA', 'NO PRESENTA', 'NO PRESENTA', 'NO PRESENTA', 'REPARAR', 'NO PRESENTA', 'NO PRESENTA', 'NO PRESENTA', 'MAL ESTADO', 'NO PRESENTA', 'NO PRESENTA', 'NO PRESENTA', 'NO PRESENTA', NULL, NULL),
(197, 'MALA', 'MAL', 'FALTA ESCAMONDA', 'PINTURA', 'NO PRESENTA', 'NO PRESENTA', 'NO PRESENTA', 'NO PRESENTA', 'NO PRESENTA', 'BUEN ESTADO', 'REPONER', 'NO PRESENTA', 'NO PRESENTA', 'NO PRESENTA', 'BUEN ESTADO', 'PROYECTAR', 'NO PRESENTA', 'NO PRESENTA', 'REPONER', NULL, NULL),
(198, 'BUENA', 'BUENA', 'REGULAR', 'PINTURA', 'NO PRESENTA', 'NO PRESENTA', 'NO PRESENTA', 'NO PRESENTA', 'NO PRESENTA', 'NO PRESENTA', 'REPONER', 'NO PRESENTA', 'NO PRESENTA', 'REALIZAR NUEVO', 'BUEN ESTADO', 'NO PRESENTA', 'NO PRESENTA', 'NO PRESENTA', 'REPONER', NULL, NULL),
(199, 'BUENA', 'BUENA', 'NO RELEVADO', 'NO PRESENTA', 'PROYECTAR', 'NO PRESENTA', 'PINTURA', 'NO PRESENTA', 'NO PRESENTA', 'NO PRESENTA', 'NO PRESENTA', 'NO PRESENTA', 'NO PRESENTA', 'NO PRESENTA', 'BUEN ESTADO', 'PROYECTAR', 'NO PRESENTA', 'NO PRESENTA', 'REPONER', NULL, NULL),
(200, 'MALA', 'REGULAR', 'FALTA ESCAMONDA', 'PINTURA', 'NO PRESENTA', 'NO PRESENTA', 'NO PRESENTA', 'NO PRESENTA', 'NO PRESENTA', 'REPONER', 'REPARAR', 'NO PRESENTA', 'FALTA REMARCAR, REPO', 'NO PRESENTA', 'REGULAR', 'BUEN ESTADO', 'NO PRESENTA', 'REGULAR', 'NO PRESENTA', NULL, NULL),
(201, 'REGULAR', 'BUENA', 'FALTA ESCAMONDA', 'PINTURA', 'NO PRESENTA', 'NO PRESENTA', 'NO PRESENTA', 'NO PRESENTA', 'NO PRESENTA', 'NO PRESENTA', 'REPARAR', 'REPARAR/PINTAR', 'FALTA REMARCAR, REPO', 'NO PRESENTA', 'BUEN ESTADO', 'BUEN ESTADO', 'NO PRESENTA', 'NO PRESENTA', 'NO PRESENTA', NULL, NULL),
(202, 'BUENA', 'REGULAR', 'BUENO', 'PINTURA', 'NO PRESENTA', 'NO PRESENTA', 'NO PRESENTA', 'NO PRESENTA', 'NO PRESENTA', 'NO PRESENTA', 'REPARAR', 'NO PRESENTA', 'NO PRESENTA', 'NO PRESENTA', 'REGULAR', 'BUEN ESTADO', 'NO PRESENTA', 'NO PRESENTA', 'REPONER', NULL, NULL),
(203, 'BUENA', 'REGULAR', 'NO RELEVADO', 'PINTURA', 'NO PRESENTA', 'NO PRESENTA', 'NO PRESENTA', 'NO PRESENTA', 'NO PRESENTA', 'NO PRESENTA', 'REPARAR', 'NO PRESENTA', 'NO PRESENTA', 'NO PRESENTA', 'MAL ESTADO', 'NO PRESENTA', 'NO PRESENTA', 'MAL ESTADO', 'REPONER', NULL, NULL),
(204, 'BUENA', 'BUENA', 'FALTA ESCAMONDA', 'PINTURA', 'NO PRESENTA', 'NO PRESENTA', 'NO PRESENTA', 'NO PRESENTA', 'NO PRESENTA', 'NO PRESENTA', 'BUEN ESTADO', 'NO PRESENTA', 'FALTA REMARCAR, REPO', 'NO PRESENTA', 'NO PRESENTA', 'REPARAR', 'NO PRESENTA', 'NO PRESENTA', 'REPONER', NULL, NULL),
(205, 'REGULAR', 'BUENA', 'FALTA ESCAMONDA', 'PINTURA', 'NO PRESENTA', 'NO PRESENTA', 'NO PRESENTA', 'NO PRESENTA', 'NO PRESENTA', 'NO PRESENTA', 'BUEN ESTADO', 'NO PRESENTA', 'BUEN ESTADO', 'NO PRESENTA', 'BUEN ESTADO', 'BUEN ESTADO', 'NO PRESENTA', 'NO PRESENTA', 'NO PRESENTA', NULL, NULL),
(206, 'BUENA', 'BUENA', 'FALTA ESCAMONDA', 'PINTURA', 'NO PRESENTA', 'NO PRESENTA', 'NO PRESENTA', 'NO PRESENTA', 'NO PRESENTA', 'NO PRESENTA', 'REPARAR', 'NO PRESENTA', 'FALTA REMARCAR, REPO', 'NO PRESENTA', 'BUEN ESTADO', 'BUEN ESTADO', 'NO PRESENTA', 'NO PRESENTA', 'NO PRESENTA', NULL, NULL),
(207, 'BUENA', 'BUENA', 'FALTA ESCAMONDA', 'PINTURA', 'NO PRESENTA', 'NO PRESENTA', 'NO PRESENTA', 'NO PRESENTA', 'NO PRESENTA', 'NO PRESENTA', 'BUEN ESTADO', 'NO PRESENTA', 'FALTA REMARCAR, REPO', 'NO PRESENTA', 'BUEN ESTADO', 'NO PRESENTA', 'NO PRESENTA', 'NO PRESENTA', 'NO PRESENTA', NULL, NULL),
(208, 'BUENA', 'BUENA', 'BUENO', 'PINTURA', 'NO PRESENTA', 'NO PRESENTA', 'NO PRESENTA', 'NO PRESENTA', 'NO PRESENTA', 'NO PRESENTA', 'BUEN ESTADO', 'NO PRESENTA', 'FALTA REMARCAR, REPO', 'NO PRESENTA', 'BUEN ESTADO', 'BUEN ESTADO', 'NO PRESENTA', 'NO PRESENTA', 'NO PRESENTA', NULL, NULL),
(209, 'REGULAR', 'BUENA', 'BUENO', 'PINTURA', 'NO PRESENTA', 'NO PRESENTA', 'PINTURA', 'NO PRESENTA', 'NO PRESENTA', 'BUEN ESTADO', 'BUEN ESTADO', 'NO PRESENTA', 'FALTA REMARCAR', 'NO PRESENTA', 'BUEN ESTADO', 'BUEN ESTADO', 'NO PRESENTA', 'REGULAR', 'NO PRESENTA', NULL, NULL),
(210, 'BUENA', 'CORTE DE CESPED', 'BUENO', 'PINTURA', 'NO PRESENTA', 'NO PRESENTA', 'NO PRESENTA', 'NO PRESENTA', 'NO PRESENTA', 'NO PRESENTA', 'NO PRESENTA', 'NO PRESENTA', 'FALTA REMARCAR, REPO', 'NO PRESENTA', 'NO PRESENTA', 'REPARAR', 'NO PRESENTA', 'NO PRESENTA', 'NO PRESENTA', NULL, NULL),
(211, 'REGULAR', 'BUENA', 'FALTA ESCAMONDA', 'PINTURA', 'NO PRESENTA', 'NO PRESENTA', 'NO PRESENTA', 'NO PRESENTA', 'NO PRESENTA', 'NO PRESENTA', 'BUEN ESTADO', 'NO PRESENTA', 'FALTA REMARCAR, REPO', 'NO PRESENTA', 'BUEN ESTADO', 'BUEN ESTADO', 'NO PRESENTA', 'NO PRESENTA', 'NO PRESENTA', NULL, NULL),
(212, 'REGULAR', 'CORTE DE CESPED', 'FALTA ESCAMONDA', 'PINTURA', 'NO PRESENTA', 'NO PRESENTA', 'NO PRESENTA', 'NO PRESENTA', 'NO PRESENTA', 'NO PRESENTA', 'BUEN ESTADO', 'NO PRESENTA', 'FALTA REMARCAR, REPO', 'NO PRESENTA', 'REGULAR', 'BUEN ESTADO', 'NO PRESENTA', 'NO PRESENTA', 'NO PRESENTA', NULL, NULL),
(213, 'MALA', 'CORTE DE CESPED', 'BUENO', 'PINTURA', 'NO PRESENTA', 'NO PRESENTA', 'NO PRESENTA', 'NO PRESENTA', 'NO PRESENTA', 'NO PRESENTA', 'BUEN ESTADO', 'REPARAR/PINTAR', 'FALTA REMARCAR, REPO', 'REALIZAR NUEVO', 'NO PRESENTA', 'BUEN ESTADO', 'NO PRESENTA', 'NO PRESENTA', 'REPARAR', NULL, NULL),
(214, 'MALA', 'CORTE DE CESPED', 'NO RELEVADO', 'PINTURA', 'NO PRESENTA', 'NO PRESENTA', 'NO PRESENTA', 'NO PRESENTA', 'NO PRESENTA', 'NO PRESENTA', 'NO PRESENTA', 'NO PRESENTA', 'FALTA REMARCAR, REPO', 'REALIZAR NUEVO', 'NO PRESENTA', 'NO PRESENTA', 'NO PRESENTA', 'NO PRESENTA', 'NO PRESENTA', NULL, NULL),
(215, 'REGULAR', 'CORTE DE CESPED', 'FALTA ESCAMONDA', 'HERRERIA', 'NO PRESENTA', 'NO PRESENTA', 'NO PRESENTA', 'NO PRESENTA', 'NO PRESENTA', 'BUEN ESTADO', 'BUEN ESTADO', 'NO PRESENTA', 'FALTA REMARCAR, REPO', 'NO PRESENTA', 'REGULAR', 'BUEN ESTADO', 'NO PRESENTA', 'BUEN ESTADO', 'BUEN ESTADO', NULL, NULL);
INSERT INTO `relevamiento_plazas` (`id_plaza`, `limpieza`, `jardineria`, `arbolado`, `juegos`, `bebederos`, `estaciones_aerobicas`, `bicicleteros`, `cercos`, `riego`, `carteleria`, `mobiliario`, `mastil`, `arenero`, `caminos`, `veredas`, `luminarias`, `esculturas`, `playon`, `cestos`, `created_at`, `updated_at`) VALUES
(216, 'REGULAR', 'BUENA', 'BUENO', 'PINTURA', 'NO PRESENTA', 'NO PRESENTA', 'NO PRESENTA', 'NO PRESENTA', 'NO PRESENTA', 'NO PRESENTA', 'BUEN ESTADO', 'NO PRESENTA', 'NO PRESENTA', 'NO PRESENTA', 'REGULAR', 'BUEN ESTADO', 'NO PRESENTA', 'NO PRESENTA', 'BUEN ESTADO', NULL, NULL),
(217, 'BUENA', 'BUENA', 'BUENO', 'PINTURA', 'NO PRESENTA', 'NO PRESENTA', 'NO PRESENTA', 'NO PRESENTA', 'NO PRESENTA', 'NO PRESENTA', 'BUEN ESTADO', 'NO PRESENTA', 'NO PRESENTA', 'NO PRESENTA', 'BUEN ESTADO', 'BUEN ESTADO', 'NO PRESENTA', 'MAL ESTADO', 'BUEN ESTADO', NULL, NULL),
(218, 'BUENA', 'BUENA', 'BUENO', 'BUEN ESTADO', 'NO PRESENTA', 'NO PRESENTA', 'NO PRESENTA', 'NO PRESENTA', 'NO PRESENTA', 'NO PRESENTA', 'BUEN ESTADO', 'NO PRESENTA', 'NO PRESENTA', 'NO PRESENTA', 'REGULAR', 'BUEN ESTADO', 'NO PRESENTA', 'NO PRESENTA', 'NO ASISTIDO', NULL, NULL),
(219, 'REGULAR', 'BUENA', 'FALTA ESCAMONDA', 'PINTURA', 'NO PRESENTA', 'NO PRESENTA', 'NO PRESENTA', 'NO PRESENTA', 'NO PRESENTA', 'NO PRESENTA', 'NO PRESENTA', 'NO PRESENTA', 'FALTA REMARCAR, REPO', 'NO PRESENTA', 'MAL ESTADO', 'REPARAR', 'NO PRESENTA', 'NO PRESENTA', 'NO PRESENTA', NULL, NULL),
(220, 'BUENA', 'BUENA', 'BUENO', 'PINTURA', 'NO PRESENTA', 'NO PRESENTA', 'NO PRESENTA', 'NO PRESENTA', 'NO PRESENTA', 'NO PRESENTA', 'REPARAR', 'NO PRESENTA', 'FALTA REMARCAR, REPO', 'BUEN ESTADO', 'REGULAR', 'BUEN ESTADO', 'NO PRESENTA', 'NO PRESENTA', 'NO PRESENTA', NULL, NULL),
(221, 'BUENA', 'BUENA', 'BUENO', 'PINTURA', 'NO PRESENTA', 'NO PRESENTA', 'NO PRESENTA', 'NO PRESENTA', 'NO PRESENTA', 'NO PRESENTA', 'NO PRESENTA', 'NO PRESENTA', 'FALTA REMARCAR, REPO', 'NO PRESENTA', 'BUEN ESTADO', 'NO PRESENTA', 'NO PRESENTA', 'BUEN ESTADO', 'NO PRESENTA', NULL, NULL),
(222, 'MALA', 'CORTE DE CESPED', 'FALTA ESCAMONDA', 'BUEN ESTADO', 'NO PRESENTA', 'NO PRESENTA', 'PINTURA', 'NO PRESENTA', 'NO PRESENTA', 'NO PRESENTA', 'BUEN ESTADO', 'NO PRESENTA', 'FALTA REMARCAR, REPO', 'NO PRESENTA', 'REGULAR', 'REPARAR', 'NO PRESENTA', 'REGULAR', 'BUEN ESTADO', NULL, NULL),
(223, 'BUENA', 'CORTE DE CESPED', 'FALTA ESCAMONDA', 'PINTURA', 'NO PRESENTA', 'NO PRESENTA', 'NO PRESENTA', 'NO PRESENTA', 'NO PRESENTA', 'BUEN ESTADO', 'REPARAR', 'REPARAR/PINTAR', 'FALTA REMARCAR, REPO', 'NO PRESENTA', 'REGULAR', 'BUEN ESTADO', 'NO PRESENTA', 'NO PRESENTA', 'NO PRESENTA', NULL, NULL),
(224, 'MALA', 'CORTE DE CESPED', 'FALTA ESCAMONDA', 'PINTURA', 'NO PRESENTA', 'NO PRESENTA', 'NO PRESENTA', 'NO PRESENTA', 'NO PRESENTA', 'NO PRESENTA', 'REPARAR', 'NO PRESENTA', 'NO PRESENTA', 'NO PRESENTA', 'REGULAR', 'REPARAR', 'NO PRESENTA', 'MAL ESTADO', 'NO PRESENTA', NULL, NULL),
(225, 'BUENA', 'BUENA', 'BUENO', 'PINTURA', 'NO PRESENTA', 'NO PRESENTA', 'NO PRESENTA', 'NO PRESENTA', 'NO PRESENTA', 'NO PRESENTA', 'REPARAR', 'NO PRESENTA', 'FALTA REMARCAR', 'FALTAN REMARCAR', 'REGULAR', 'BUEN ESTADO', 'NO PRESENTA', 'NO PRESENTA', 'NO PRESENTA', NULL, NULL),
(226, 'BUENA', 'CORTE DE CESPED', 'FALTA ESCAMONDA', 'PINTURA', 'NO PRESENTA', 'NO PRESENTA', 'NO PRESENTA', 'NO PRESENTA', 'NO PRESENTA', 'NO PRESENTA', 'BUEN ESTADO', 'NO PRESENTA', 'FALTA REMARCAR, REPO', 'FALTAN REMARCAR', 'REGULAR', 'BUEN ESTADO', 'NO PRESENTA', 'BUEN ESTADO', 'NO PRESENTA', NULL, NULL),
(227, 'BUENA', 'CORTE DE CESPED', 'NO RELEVADO', 'PINTURA', 'NO PRESENTA', 'NO PRESENTA', 'NO PRESENTA', 'NO PRESENTA', 'NO PRESENTA', 'NO PRESENTA', 'BUEN ESTADO', 'NO PRESENTA', 'FALTA REMARCAR, REPO', 'NO PRESENTA', 'BUEN ESTADO', 'NO PRESENTA', 'NO PRESENTA', 'NO PRESENTA', 'NO PRESENTA', NULL, NULL),
(228, 'MALA', 'CORTE DE CESPED', 'FALTA ESCAMONDA', 'PINTURA', 'NO PRESENTA', 'BUEN ESTADO', 'NO PRESENTA', 'NO PRESENTA', 'NO PRESENTA', 'BUEN ESTADO', 'REPARAR', 'NO PRESENTA', 'FALTA REMARCAR, REPO', 'NO PRESENTA', 'REGULAR', 'NO PRESENTA', 'NO PRESENTA', 'BUEN ESTADO', 'NO PRESENTA', NULL, NULL),
(229, 'BUENA', 'REGULAR', 'FALTA ESCAMONDA', 'BUEN ESTADO', 'NO PRESENTA', 'NO PRESENTA', 'NO PRESENTA', 'NO PRESENTA', 'NO PRESENTA', 'BUEN ESTADO', 'BUEN ESTADO', 'NO PRESENTA', 'FALTA REMARCAR, REPO', 'NO PRESENTA', 'REGULAR', 'REPARAR', 'NO PRESENTA', 'NO PRESENTA', 'NO PRESENTA', NULL, NULL),
(230, 'BUENA', 'BUENA', 'FALTA ESCAMONDA', 'PINTURA', 'NO PRESENTA', 'NO PRESENTA', 'NO PRESENTA', 'NO PRESENTA', 'NO PRESENTA', 'NO PRESENTA', 'BUEN ESTADO', 'NO PRESENTA', 'BUEN ESTADO', 'NO PRESENTA', 'BUEN ESTADO', 'BUEN ESTADO', 'NO PRESENTA', 'NO PRESENTA', 'NO PRESENTA', NULL, NULL),
(231, 'BUENA', 'CORTE DE CESPED', 'BUENO', 'PINTURA', 'NO PRESENTA', 'NO PRESENTA', 'NO PRESENTA', 'NO PRESENTA', 'NO PRESENTA', 'REPARAR', 'REPARAR', 'NO PRESENTA', 'NO PRESENTA', 'FALTAN REMARCAR', 'MAL ESTADO', 'REPARAR', 'MAL ESTADO', 'NO PRESENTA', 'REPARAR', NULL, NULL),
(232, 'BUENA', 'REGULAR', 'BUENO', 'NO PRESENTA', 'NO PRESENTA', 'NO PRESENTA', 'NO PRESENTA', 'NO PRESENTA', 'NO PRESENTA', 'NO PRESENTA', 'BUEN ESTADO', 'NO PRESENTA', 'NO PRESENTA', 'NO PRESENTA', 'REGULAR', 'BUEN ESTADO', 'BUEN ESTADO', 'NO PRESENTA', 'NO PRESENTA', NULL, NULL),
(233, 'BUENA', 'BUENA', 'BUENO', 'PINTURA', 'NO PRESENTA', 'NO PRESENTA', 'NO PRESENTA', 'NO PRESENTA', 'NO PRESENTA', 'NO PRESENTA', 'BUEN ESTADO', 'NO PRESENTA', 'FALTA REMARCAR, REPO', 'REPONER GRANZA', 'REGULAR', 'BUEN ESTADO', 'BUEN ESTADO', 'NO PRESENTA', 'NO PRESENTA', NULL, NULL),
(234, 'BUENA', 'BUENA', 'NO RELEVADO', 'NO PRESENTA', 'NO PRESENTA', 'NO PRESENTA', 'NO PRESENTA', 'NO PRESENTA', 'NO PRESENTA', 'NO PRESENTA', 'NO PRESENTA', 'NO PRESENTA', 'NO PRESENTA', 'NO PRESENTA', 'BUEN ESTADO', 'BUEN ESTADO', 'NO PRESENTA', 'NO PRESENTA', 'BUEN ESTADO', NULL, NULL),
(235, 'MALA', 'MAL', 'NO RELEVADO', 'PINTURA', 'NO PRESENTA', 'NO PRESENTA', 'NO PRESENTA', 'NO PRESENTA', 'NO PRESENTA', 'NO PRESENTA', 'NO PRESENTA', 'NO PRESENTA', 'FALTA REMARCAR, REPO', 'REALIZAR NUEVO', '', 'BUEN ESTADO', 'NO PRESENTA', 'NO PRESENTA', 'NO PRESENTA', NULL, NULL),
(236, 'MALA', 'MAL', 'FALTA ESCAMONDA', 'NO PRESENTA', 'NO PRESENTA', 'NO PRESENTA', 'NO PRESENTA', 'NO PRESENTA', 'NO PRESENTA', 'NO PRESENTA', 'NO PRESENTA', 'NO PRESENTA', 'NO PRESENTA', 'NO PRESENTA', 'REGULAR', 'NO PRESENTA', 'NO PRESENTA', 'NO PRESENTA', 'NO PRESENTA', NULL, NULL),
(237, 'MALA', 'CORTE DE CESPED', 'NO RELEVADO', 'PINTURA', 'NO PRESENTA', 'NO PRESENTA', 'NO PRESENTA', 'NO PRESENTA', 'NO PRESENTA', 'REPARAR', 'REPARAR', 'NO PRESENTA', 'NO PRESENTA', 'NO PRESENTA', 'REGULAR', 'NO PRESENTA', 'MAL ESTADO', 'REGULAR', 'NO PRESENTA', NULL, NULL),
(238, 'MALA', 'CORTE DE CESPED', 'FALTA ESCAMONDA', 'PINTURA', 'NO PRESENTA', 'NO PRESENTA', 'NO PRESENTA', 'NO PRESENTA', 'NO PRESENTA', 'REPARAR', 'BUEN ESTADO', 'NO PRESENTA', 'NO PRESENTA', 'NO PRESENTA', 'REGULAR', 'BUEN ESTADO', 'NO PRESENTA', 'NO PRESENTA', 'NO PRESENTA', NULL, NULL),
(239, '', '', '', '', '', '', '', '', '', '', '', '', '', '', '', '', '', '', '', NULL, NULL),
(240, '', '', '', '', '', '', '', '', '', '', '', '', '', '', '', '', '', '', '', NULL, NULL),
(241, '', '', '', '', '', '', '', '', '', '', '', '', '', '', '', '', '', '', '', NULL, NULL),
(242, '', '', '', '', '', '', '', '', '', '', '', '', '', '', '', '', '', '', '', NULL, NULL),
(243, 'MALA', 'MAL', 'FALTA ESCAMONDA', 'PINTURA', 'NO PRESENTA', 'NO PRESENTA', 'NO PRESENTA', 'NO PRESENTA', 'NO PRESENTA', 'NO PRESENTA', 'REPARAR', 'NO PRESENTA', 'NO PRESENTA', 'FALTAN REMARCAR', 'REGULAR', 'REPARAR', 'NO PRESENTA', 'NO PRESENTA', 'BUEN ESTADO', NULL, NULL),
(244, 'MALA', 'MAL', 'FALTA ESCAMONDA', 'PINTURA', 'NO PRESENTA', 'PINTURA', 'NO PRESENTA', 'NO PRESENTA', 'NO PRESENTA', 'NO PRESENTA', 'REPARAR', 'NO PRESENTA', 'NO PRESENTA', 'NO PRESENTA', 'REGULAR', 'REPARAR', 'NO PRESENTA', 'MAL ESTADO', 'NO PRESENTA', NULL, NULL),
(245, 'REGULAR', 'REGULAR', 'FALTA ESCAMONDA', 'PINTURA', 'NO PRESENTA', 'NO PRESENTA', 'NO PRESENTA', 'NO PRESENTA', 'NO PRESENTA', 'NO PRESENTA', 'REPARAR', 'NO PRESENTA', 'NO PRESENTA', 'NO PRESENTA', 'BUEN ESTADO', 'BUEN ESTADO', 'NO PRESENTA', 'NO PRESENTA', 'NO PRESENTA', NULL, NULL),
(246, 'REGULAR', 'REGULAR', 'FALTA ESCAMONDA', 'PINTURA', 'NO PRESENTA', 'NO PRESENTA', 'NO PRESENTA', 'NO PRESENTA', 'NO PRESENTA', 'NO PRESENTA', 'REPARAR', 'NO PRESENTA', 'NO PRESENTA', 'NO PRESENTA', 'BUEN ESTADO', 'REPARAR', 'NO PRESENTA', 'NO PRESENTA', 'NO PRESENTA', NULL, NULL),
(247, 'BUENA', 'CORTE DE CESPED', 'FALTA ESCAMONDA', 'PINTURA', 'NO PRESENTA', 'NO PRESENTA', 'NO PRESENTA', 'NO PRESENTA', 'NO PRESENTA', 'NO PRESENTA', 'REPARAR', 'NO PRESENTA', 'NO PRESENTA', 'NO PRESENTA', 'REGULAR', 'BUEN ESTADO', 'NO PRESENTA', 'NO PRESENTA', 'NO PRESENTA', NULL, NULL),
(248, 'BUENA', 'CORTE DE CESPED', 'BUENO', 'BUEN ESTADO', 'NO PRESENTA', 'NO PRESENTA', 'NO PRESENTA', 'NO PRESENTA', 'NO PRESENTA', 'BUEN ESTADO', 'BUEN ESTADO', 'NO PRESENTA', 'FALTA REMARCAR, REPO', 'NO PRESENTA', 'REGULAR', 'BUEN ESTADO', 'NO PRESENTA', 'NO PRESENTA', 'NO PRESENTA', NULL, NULL),
(249, 'BUENA', 'CORTE DE CESPED', 'BUENO', 'BUEN ESTADO', 'NO PRESENTA', 'NO PRESENTA', 'NO PRESENTA', 'NO PRESENTA', 'NO PRESENTA', 'NO PRESENTA', 'BUEN ESTADO', 'NO PRESENTA', 'FALTA REMARCAR, REPO', 'NO PRESENTA', 'BUEN ESTADO', 'BUEN ESTADO', 'NO PRESENTA', 'NO PRESENTA', 'NO PRESENTA', NULL, NULL),
(250, 'BUENA', 'BUENA', 'BUENO', 'NO PRESENTA', 'NO PRESENTA', 'NO PRESENTA', 'NO PRESENTA', 'NO PRESENTA', 'NO PRESENTA', 'BUEN ESTADO', 'BUEN ESTADO', 'NO PRESENTA', 'NO PRESENTA', 'REPONER GRANZA', 'MAL ESTADO', 'BUEN ESTADO', 'BUEN ESTADO', 'NO PRESENTA', 'BUEN ESTADO', NULL, NULL),
(251, 'REGULAR', 'CORTE DE CESPED', 'FALTA ESCAMONDA', 'MOVIMIENTOS', 'NO PRESENTA', 'NO PRESENTA', 'NO PRESENTA', 'NO PRESENTA', 'NO PRESENTA', 'NO PRESENTA', 'NO PRESENTA', 'NO PRESENTA', 'FALTA REMARCAR, REPO', 'NO PRESENTA', 'REGULAR', 'BUEN ESTADO', 'NO PRESENTA', 'NO PRESENTA', 'NO PRESENTA', NULL, NULL),
(252, 'MALA', 'CORTE DE CESPED', 'FALTA ESCAMONDA', 'MOVIMIENTOS', 'NO PRESENTA', 'NO PRESENTA', 'NO PRESENTA', 'NO PRESENTA', 'NO PRESENTA', 'NO PRESENTA', 'NO PRESENTA', 'NO PRESENTA', 'NO PRESENTA', 'NO PRESENTA', 'REGULAR', 'NO PRESENTA', 'NO PRESENTA', 'NO PRESENTA', 'NO PRESENTA', NULL, NULL),
(253, 'MALA', 'MAL', 'FALTA ESCAMONDA', 'PINTURA', 'NO PRESENTA', 'NO PRESENTA', 'NO PRESENTA', 'NO PRESENTA', 'NO PRESENTA', 'NO PRESENTA', 'REPARAR', 'NO PRESENTA', 'FALTA REMARCAR', 'NO PRESENTA', 'MAL ESTADO', 'BUEN ESTADO', 'NO PRESENTA', 'NO PRESENTA', 'NO PRESENTA', NULL, NULL),
(254, 'MALA', 'BUENA', 'NO RELEVADO', 'PINTURA', 'NO PRESENTA', 'NO PRESENTA', 'NO PRESENTA', 'NO PRESENTA', 'NO PRESENTA', 'NO PRESENTA', 'REPARAR', 'NO PRESENTA', 'FALTA REMARCAR, REPO', 'NO PRESENTA', 'BUEN ESTADO', 'PROYECTAR', 'NO PRESENTA', 'REGULAR', 'NO PRESENTA', NULL, NULL),
(255, 'MALA', 'REGULAR', 'REGULAR', 'PINTURA', 'NO PRESENTA', 'NO PRESENTA', 'NO PRESENTA', 'NO PRESENTA', 'NO PRESENTA', 'NO PRESENTA', 'NO PRESENTA', 'NO PRESENTA', 'FALTA REMARCAR, REPO', 'NO PRESENTA', 'REGULAR', 'REPARAR', 'NO PRESENTA', 'NO PRESENTA', 'NO PRESENTA', NULL, NULL),
(256, 'REGULAR', 'BUENA', 'FALTA ESCAMONDA', 'PINTURA', 'NO PRESENTA', 'NO PRESENTA', 'NO PRESENTA', 'NO PRESENTA', 'NO PRESENTA', 'NO PRESENTA', 'NO PRESENTA', 'NO PRESENTA', 'FALTA REMARCAR, REPO', 'NO PRESENTA', 'NO PRESENTA', 'BUEN ESTADO', 'NO PRESENTA', 'NO PRESENTA', 'NO PRESENTA', NULL, NULL),
(257, '', '', '', '', '', '', '', '', '', '', '', '', '', '', '', '', '', '', '', NULL, NULL),
(258, 'MALA', 'BUENA', 'BUENO', 'PINTURA', 'NO PRESENTA', 'NO PRESENTA', 'NO PRESENTA', 'NO PRESENTA', 'NO PRESENTA', 'NO PRESENTA', 'BUEN ESTADO', 'NO PRESENTA', 'FALTA REMARCAR, REPO', 'NO PRESENTA', 'BUEN ESTADO', 'BUEN ESTADO', 'NO PRESENTA', 'NO PRESENTA', 'NO PRESENTA', NULL, NULL),
(259, 'MALA', 'BUENA', 'NO RELEVADO', 'PINTURA', 'NO PRESENTA', 'NO PRESENTA', 'NO PRESENTA', 'NO PRESENTA', 'NO PRESENTA', 'NO PRESENTA', 'BUEN ESTADO', 'NO PRESENTA', 'FALTA REMARCAR, REPO', 'NO PRESENTA', 'BUEN ESTADO', 'REPARAR', 'NO PRESENTA', 'NO PRESENTA', 'NO ASISTIDO', NULL, NULL),
(260, 'MALA', 'MAL', 'NO RELEVADO', 'PINTURA', 'NO PRESENTA', 'NO PRESENTA', 'NO PRESENTA', 'NO PRESENTA', 'NO PRESENTA', 'NO PRESENTA', 'BUEN ESTADO', 'NO PRESENTA', 'FALTA REMARCAR, REPO', 'NO PRESENTA', 'BUEN ESTADO', 'REPARAR', 'NO PRESENTA', 'NO PRESENTA', 'NO ASISTIDO', NULL, NULL),
(261, 'MALA', 'BUENA', 'FALTA ESCAMONDA', 'PINTURA', 'NO PRESENTA', 'NO PRESENTA', 'NO PRESENTA', 'NO PRESENTA', 'NO PRESENTA', 'NO PRESENTA', 'REPARAR', 'REPARAR/PINTAR', 'FALTA REMARCAR, REPO', 'NO PRESENTA', 'REGULAR', 'BUEN ESTADO', 'NO PRESENTA', 'REGULAR', 'NO PRESENTA', NULL, NULL),
(262, 'MALA', 'CORTE DE CESPED', 'REFORESTAR', 'PINTURA', 'NO PRESENTA', 'NO PRESENTA', 'NO PRESENTA', 'NO PRESENTA', 'NO PRESENTA', 'BUEN ESTADO', 'BUEN ESTADO', 'NO PRESENTA', 'FALTA REMARCAR, REPO', 'NO PRESENTA', 'BUEN ESTADO', 'PROYECTAR', 'NO PRESENTA', 'NO PRESENTA', 'NO PRESENTA', NULL, NULL),
(263, 'MALA', 'BUENA', 'FALTA ESCAMONDA', 'PINTURA', 'NO PRESENTA', 'NO PRESENTA', 'NO PRESENTA', 'NO PRESENTA', 'NO PRESENTA', 'NO PRESENTA', 'REPARAR', 'NO PRESENTA', 'FALTA REMARCAR, REPO', 'NO PRESENTA', 'REGULAR', 'BUEN ESTADO', 'NO PRESENTA', 'NO PRESENTA', 'NO PRESENTA', NULL, NULL),
(264, '', '', '', '', '', '', '', '', '', '', '', '', '', '', '', '', '', '', '', NULL, NULL),
(265, 'REGULAR', 'BUENA', 'FALTA ESCAMONDA', 'PINTURA', 'PINTURA', 'NO PRESENTA', 'REPOSICION', 'NO PRESENTA', 'NO PRESENTA', 'BUEN ESTADO', 'REPARAR', 'NO PRESENTA', 'REPONER ARENA', 'NO PRESENTA', 'REGULAR', 'BUEN ESTADO', 'BUEN ESTADO', 'NO PRESENTA', 'BUEN ESTADO', NULL, NULL),
(266, 'REGULAR', 'BUENA', 'FALTA ESCAMONDA', 'PINTURA', 'NO PRESENTA', 'NO PRESENTA', 'NO PRESENTA', 'NO PRESENTA', 'NO PRESENTA', 'NO PRESENTA', 'REPARAR', 'NO PRESENTA', 'FALTA REMARCAR, REPO', 'NO PRESENTA', 'REGULAR', 'BUEN ESTADO', 'NO PRESENTA', 'BUEN ESTADO', 'NO ASISTIDO', NULL, NULL),
(267, 'REGULAR', 'BUENA', 'FALTA ESCAMONDA', 'PINTURA', 'NO PRESENTA', 'NO PRESENTA', 'NO PRESENTA', 'NO PRESENTA', 'NO PRESENTA', 'NO PRESENTA', 'NO PRESENTA', 'NO PRESENTA', 'FALTA REMARCAR, REPO', 'NO PRESENTA', 'MAL ESTADO', 'REPARAR', 'NO PRESENTA', 'NO PRESENTA', 'NO PRESENTA', NULL, NULL),
(268, 'REGULAR', 'REGULAR', 'BUENO', 'PINTURA', 'NO PRESENTA', 'NO PRESENTA', 'NO PRESENTA', 'NO PRESENTA', 'NO PRESENTA', 'BUEN ESTADO', 'BUEN ESTADO', 'NO PRESENTA', 'FALTA REMARCAR, REPO', 'NO PRESENTA', 'REGULAR', 'BUEN ESTADO', 'NO PRESENTA', 'NO PRESENTA', 'NO PRESENTA', NULL, NULL),
(269, 'BUENA', 'REGULAR', 'FALTA ESCAMONDA', 'PINTURA', 'NO PRESENTA', 'NO PRESENTA', 'NO PRESENTA', 'REPARAR', 'NO PRESENTA', 'BUEN ESTADO', 'REPARAR', 'NO PRESENTA', 'FALTA REMARCAR, REPO', 'NO PRESENTA', 'REGULAR', 'BUEN ESTADO', 'NO PRESENTA', 'BUEN ESTADO', 'NO PRESENTA', NULL, NULL),
(270, 'REGULAR', 'BUENA', 'FALTA ESCAMONDA', 'PINTURA', 'NO PRESENTA', 'NO PRESENTA', 'NO PRESENTA', 'NO PRESENTA', 'NO PRESENTA', 'BUEN ESTADO', 'BUEN ESTADO', 'NO PRESENTA', 'FALTA REMARCAR, REPO', 'NO PRESENTA', 'REGULAR', 'REPARAR', 'NO PRESENTA', 'NO PRESENTA', 'NO PRESENTA', NULL, NULL),
(271, 'REGULAR', 'BUENA', 'FALTA ESCAMONDA', 'PINTURA', 'NO PRESENTA', 'NO PRESENTA', 'NO PRESENTA', 'NO PRESENTA', 'NO PRESENTA', 'NO PRESENTA', 'BUEN ESTADO', 'NO PRESENTA', 'FALTA REMARCAR, REPO', 'NO PRESENTA', 'BUEN ESTADO', 'BUEN ESTADO', 'NO PRESENTA', 'NO PRESENTA', 'NO PRESENTA', NULL, NULL),
(272, '', '', '', '', '', '', '', '', '', '', '', '', '', '', '', '', '', '', '', NULL, NULL),
(273, 'BUENA', 'BUENA', 'FALTA ESCAMONDA', 'BUEN ESTADO', 'NO PRESENTA', 'NO PRESENTA', 'NO PRESENTA', 'REPARAR', 'NO PRESENTA', 'BUEN ESTADO', 'BUEN ESTADO', 'NO PRESENTA', 'BUEN ESTADO', 'NO PRESENTA', 'BUEN ESTADO', 'BUEN ESTADO', 'NO PRESENTA', 'NO PRESENTA', 'BUEN ESTADO', NULL, NULL),
(274, 'BUENA', 'BUENA', 'FALTA ESCAMONDA', 'PINTURA', 'NO PRESENTA', 'NO PRESENTA', 'NO PRESENTA', 'NO PRESENTA', 'NO PRESENTA', 'NO PRESENTA', 'NO PRESENTA', 'NO PRESENTA', 'NO PRESENTA', 'NO PRESENTA', 'NO PRESENTA', 'BUEN ESTADO', 'BUEN ESTADO', 'NO PRESENTA', 'NO PRESENTA', NULL, NULL),
(275, 'MALA', 'REGULAR', 'FALTA ESCAMONDA', 'PINTURA', 'NO PRESENTA', 'NO PRESENTA', 'NO PRESENTA', 'REPARAR', 'NO PRESENTA', 'NO PRESENTA', 'REPARAR', 'NO PRESENTA', 'FALTA REMARCAR, REPO', 'NO PRESENTA', 'BUEN ESTADO', 'BUEN ESTADO', 'NO PRESENTA', 'NO PRESENTA', 'NO PRESENTA', NULL, NULL),
(276, 'REGULAR', 'REGULAR', 'FALTA ESCAMONDA', 'PINTURA', 'NO PRESENTA', 'NO PRESENTA', 'NO PRESENTA', 'NO PRESENTA', 'NO PRESENTA', 'BUEN ESTADO', 'BUEN ESTADO', 'NO PRESENTA', 'FALTA REMARCAR, REPO', 'FALTAN REMARCAR', 'REGULAR', 'REPARAR', 'NO PRESENTA', 'NO PRESENTA', 'NO ASISTIDO', NULL, NULL),
(277, 'BUENA', 'REGULAR', 'FALTA ESCAMONDA', 'BUEN ESTADO', 'NO PRESENTA', 'NO PRESENTA', 'NO PRESENTA', 'NO PRESENTA', 'NO PRESENTA', 'BUEN ESTADO', 'BUEN ESTADO', 'NO PRESENTA', 'REPONER ARENA', 'NO PRESENTA', 'MAL ESTADO', 'BUEN ESTADO', 'NO PRESENTA', 'NO PRESENTA', 'NO PRESENTA', NULL, NULL),
(278, 'REGULAR', 'BUENA', 'BUENO', 'NO PRESENTA', 'NO PRESENTA', 'NO PRESENTA', 'NO PRESENTA', 'REPARAR', 'NO PRESENTA', 'NO PRESENTA', 'BUEN ESTADO', 'NO PRESENTA', 'BUEN ESTADO', 'NO PRESENTA', 'BUEN ESTADO', 'BUEN ESTADO', 'NO PRESENTA', 'BUEN ESTADO', 'NO PRESENTA', NULL, NULL),
(279, 'BUENA', 'CORTE DE CESPED', 'BUENO', 'PINTURA', 'NO PRESENTA', 'NO PRESENTA', 'NO PRESENTA', 'NO PRESENTA', 'NO PRESENTA', 'BUEN ESTADO', 'BUEN ESTADO', 'NO PRESENTA', 'NO PRESENTA', 'NO PRESENTA', 'BUEN ESTADO', 'BUEN ESTADO', 'NO PRESENTA', 'NO PRESENTA', 'NO PRESENTA', NULL, NULL),
(280, 'REGULAR', 'CORTE DE CESPED', 'BUENO', 'PINTURA', 'NO PRESENTA', 'NO PRESENTA', 'NO PRESENTA', 'BUEN ESTADO', 'NO PRESENTA', 'BUEN ESTADO', 'REPARAR', 'NO PRESENTA', 'FALTA REMARCAR, REPO', 'NO PRESENTA', 'BUEN ESTADO', 'BUEN ESTADO', 'NO PRESENTA', 'NO PRESENTA', 'REPONER', NULL, NULL),
(281, 'BUENA', 'BUENA', 'NO RELEVADO', 'NO PRESENTA', 'NO PRESENTA', 'NO PRESENTA', 'NO PRESENTA', 'NO PRESENTA', 'NO PRESENTA', 'NO PRESENTA', 'REPARAR', 'NO PRESENTA', 'NO PRESENTA', 'NO PRESENTA', 'REGULAR', 'BUEN ESTADO', 'NO PRESENTA', 'BUEN ESTADO', 'NO PRESENTA', NULL, NULL),
(282, 'REGULAR', 'BUENA', 'BUENO', 'NO PRESENTA', 'NO PRESENTA', 'NO PRESENTA', 'PINTURA', 'NO PRESENTA', 'NO PRESENTA', 'REPARAR', 'BUEN ESTADO', 'NO PRESENTA', 'NO PRESENTA', 'NO PRESENTA', 'BUEN ESTADO', 'NO PRESENTA', 'NO PRESENTA', 'BUEN ESTADO', 'REPARAR', NULL, NULL),
(283, 'REGULAR', 'BUENA', 'BUENO', 'NO PRESENTA', 'NO PRESENTA', 'BUEN ESTADO', 'NO PRESENTA', 'NO PRESENTA', 'NO PRESENTA', 'NO PRESENTA', 'NO PRESENTA', 'NO PRESENTA', 'NO PRESENTA', 'NO PRESENTA', 'NO PRESENTA', 'BUEN ESTADO', 'NO PRESENTA', 'NO PRESENTA', 'NO PRESENTA', NULL, NULL),
(284, 'REGULAR', 'BUENA', 'BUENO', 'PINTURA', 'NO PRESENTA', 'NO PRESENTA', 'NO PRESENTA', 'NO PRESENTA', 'NO PRESENTA', 'BUEN ESTADO', 'BUEN ESTADO', 'BUEN ESTADO', 'FALTA REMARCAR, REPO', 'NO PRESENTA', 'REGULAR', 'BUEN ESTADO', 'NO PRESENTA', 'BUEN ESTADO', 'NO PRESENTA', NULL, NULL),
(285, 'BUENA', 'MAL', 'FALTA ESCAMONDA', 'PINTURA', 'NO PRESENTA', 'NO PRESENTA', 'NO PRESENTA', 'NO PRESENTA', 'NO PRESENTA', 'BUEN ESTADO', 'REPARAR', 'NO PRESENTA', 'FALTA REMARCAR, REPO', 'NO PRESENTA', 'REGULAR', 'BUEN ESTADO', 'NO PRESENTA', 'REGULAR', 'NO PRESENTA', NULL, NULL),
(286, 'BUENA', 'BUENA', 'FALTA ESCAMONDA', 'PINTURA', 'NO PRESENTA', 'NO PRESENTA', 'NO PRESENTA', 'NO PRESENTA', 'NO PRESENTA', 'BUEN ESTADO', 'BUEN ESTADO', 'NO PRESENTA', 'NO PRESENTA', 'NO PRESENTA', 'BUEN ESTADO', 'BUEN ESTADO', 'NO PRESENTA', 'NO PRESENTA', 'NO PRESENTA', NULL, NULL),
(287, 'BUENA', 'MAL', 'NO RELEVADO', 'PINTURA', 'NO PRESENTA', 'NO PRESENTA', 'NO PRESENTA', 'NO PRESENTA', 'NO PRESENTA', 'NO PRESENTA', 'REPARAR', 'NO PRESENTA', 'FALTA REMARCAR, REPO', 'NO PRESENTA', 'BUEN ESTADO', 'BUEN ESTADO', 'NO PRESENTA', 'REGULAR', 'NO PRESENTA', NULL, NULL),
(288, 'BUENA', 'BUENA', 'BUENO', 'BUEN ESTADO', 'NO PRESENTA', 'NO PRESENTA', 'NO PRESENTA', 'NO PRESENTA', 'NO PRESENTA', 'NO PRESENTA', 'NO PRESENTA', 'NO PRESENTA', 'FALTA REMARCAR, REPO', 'NO PRESENTA', 'BUEN ESTADO', 'BUEN ESTADO', 'NO PRESENTA', 'NO PRESENTA', 'NO PRESENTA', NULL, NULL),
(289, 'MALA', 'BUENA', 'FALTA ESCAMONDA', 'PINTURA', 'NO PRESENTA', 'NO PRESENTA', 'NO PRESENTA', 'NO PRESENTA', 'NO PRESENTA', 'NO PRESENTA', 'BUEN ESTADO', 'NO PRESENTA', 'FALTA REMARCAR, REPO', 'NO PRESENTA', 'BUEN ESTADO', 'NO PRESENTA', 'NO PRESENTA', 'NO PRESENTA', 'NO PRESENTA', NULL, NULL),
(290, 'MALA', 'REGULAR', 'FALTA ESCAMONDA', 'PINTURA', 'NO PRESENTA', 'NO PRESENTA', 'NO PRESENTA', 'NO PRESENTA', 'NO PRESENTA', 'NO PRESENTA', 'BUEN ESTADO', 'NO PRESENTA', 'FALTA REMARCAR, REPO', 'NO PRESENTA', 'BUEN ESTADO', 'BUEN ESTADO', 'NO PRESENTA', 'MAL ESTADO', 'NO PRESENTA', NULL, NULL),
(291, 'REGULAR', 'BUENA', 'BUENO', 'PINTURA', 'NO PRESENTA', 'NO PRESENTA', 'NO PRESENTA', 'NO PRESENTA', 'NO PRESENTA', 'NO PRESENTA', 'BUEN ESTADO', 'NO PRESENTA', 'FALTA REMARCAR, REPO', 'NO PRESENTA', 'BUEN ESTADO', 'BUEN ESTADO', 'NO PRESENTA', 'NO PRESENTA', 'NO PRESENTA', NULL, NULL),
(292, 'MALA', 'REGULAR', 'NO RELEVADO', 'PINTURA', 'NO PRESENTA', 'NO PRESENTA', 'NO PRESENTA', 'NO PRESENTA', 'NO PRESENTA', 'NO PRESENTA', 'BUEN ESTADO', 'NO PRESENTA', 'NO PRESENTA', 'REALIZAR NUEVO', 'MAL ESTADO', 'NO PRESENTA', 'NO PRESENTA', 'NO PRESENTA', 'NO PRESENTA', NULL, NULL),
(293, 'MALA', 'CORTE DE CESPED', 'NO RELEVADO', 'PINTURA', 'NO PRESENTA', 'NO PRESENTA', 'NO PRESENTA', 'NO PRESENTA', 'NO PRESENTA', 'BUEN ESTADO', 'BUEN ESTADO', 'NO PRESENTA', 'FALTA REMARCAR, REPO', 'NO PRESENTA', 'BUEN ESTADO', 'BUEN ESTADO', 'NO PRESENTA', 'NO PRESENTA', 'NO PRESENTA', NULL, NULL),
(294, 'MALA', 'CORTE DE CESPED', 'FALTA ESCAMONDA', 'PINTURA', 'NO PRESENTA', 'NO PRESENTA', 'NO PRESENTA', 'NO PRESENTA', 'NO PRESENTA', 'NO PRESENTA', 'NO PRESENTA', 'NO PRESENTA', 'FALTA REMARCAR, REPO', 'REALIZAR NUEVO', 'NO PRESENTA', 'BUEN ESTADO', 'NO PRESENTA', 'NO PRESENTA', 'NO PRESENTA', NULL, NULL),
(295, 'MALA', 'CORTE DE CESPED', 'BUENO', 'BUEN ESTADO', 'NO PRESENTA', 'NO PRESENTA', 'NO PRESENTA', 'NO PRESENTA', 'NO PRESENTA', 'BUEN ESTADO', 'BUEN ESTADO', 'NO PRESENTA', 'NO PRESENTA', 'NO PRESENTA', 'NO PRESENTA', 'BUEN ESTADO', 'NO PRESENTA', 'NO PRESENTA', 'NO PRESENTA', NULL, NULL),
(296, 'REGULAR', 'BUENA', 'BUENO', 'PINTURA', 'NO PRESENTA', 'NO PRESENTA', 'NO PRESENTA', 'NO PRESENTA', 'NO PRESENTA', 'NO PRESENTA', 'NO PRESENTA', 'NO PRESENTA', 'FALTA REMARCAR, REPO', 'NO PRESENTA', 'NO PRESENTA', 'BUEN ESTADO', 'NO PRESENTA', 'NO PRESENTA', 'NO PRESENTA', NULL, NULL),
(297, 'BUENA', 'BUENA', 'BUENO', 'PINTURA', 'NO PRESENTA', 'NO PRESENTA', 'NO PRESENTA', 'NO PRESENTA', 'NO PRESENTA', 'NO PRESENTA', 'REPARAR', 'NO PRESENTA', 'FALTA REMARCAR, REPO', 'NO PRESENTA', 'REGULAR', 'BUEN ESTADO', 'NO PRESENTA', 'REGULAR', 'REPARAR', NULL, NULL),
(298, 'BUENA', 'BUENA', 'BUENO', 'PINTURA', 'NO PRESENTA', 'NO PRESENTA', 'NO PRESENTA', 'NO PRESENTA', 'NO PRESENTA', 'NO PRESENTA', 'NO PRESENTA', 'NO PRESENTA', 'FALTA REMARCAR, REPO', 'NO PRESENTA', 'BUEN ESTADO', 'BUEN ESTADO', 'NO PRESENTA', 'NO PRESENTA', 'NO PRESENTA', NULL, NULL),
(299, 'MALA', 'BUENA', 'NO RELEVADO', 'PINTURA', 'NO PRESENTA', 'NO PRESENTA', 'NO PRESENTA', 'NO PRESENTA', 'NO PRESENTA', 'BUEN ESTADO', 'NO PRESENTA', 'NO PRESENTA', 'FALTA REMARCAR, REPO', 'NO PRESENTA', 'NO PRESENTA', 'BUEN ESTADO', 'NO PRESENTA', 'NO PRESENTA', 'NO PRESENTA', NULL, NULL),
(300, 'MALA', 'BUENA', 'BUENO', 'HERRERIA', 'NO PRESENTA', 'NO PRESENTA', 'NO PRESENTA', 'NO PRESENTA', 'NO PRESENTA', 'BUEN ESTADO', 'BUEN ESTADO', 'BUEN ESTADO', 'BUEN ESTADO', 'NO PRESENTA', 'BUEN ESTADO', 'BUEN ESTADO', 'NO PRESENTA', 'NO PRESENTA', 'NO PRESENTA', NULL, NULL),
(301, '', '', '', '', '', '', '', '', '', '', '', '', '', '', '', '', '', '', '', NULL, NULL),
(302, 'REGULAR', 'BUENA', 'BUENO', 'PINTURA', 'NO PRESENTA', 'NO PRESENTA', 'NO PRESENTA', 'NO PRESENTA', 'NO PRESENTA', 'NO PRESENTA', 'BUEN ESTADO', 'NO PRESENTA', 'FALTA REMARCAR, REPO', 'NO PRESENTA', 'MAL ESTADO', 'BUEN ESTADO', 'NO PRESENTA', 'NO PRESENTA', 'NO PRESENTA', NULL, NULL),
(303, 'BUENA', 'BUENA', 'BUENO', 'PINTURA', 'NO PRESENTA', 'NO PRESENTA', 'NO PRESENTA', 'NO PRESENTA', 'NO PRESENTA', 'NO PRESENTA', 'NO PRESENTA', 'NO PRESENTA', 'FALTA REMARCAR, REPO', 'NO PRESENTA', 'MAL ESTADO', 'BUEN ESTADO', 'NO PRESENTA', 'NO PRESENTA', 'NO PRESENTA', NULL, NULL),
(304, 'REGULAR', 'BUENA', 'BUENO', 'PINTURA', 'NO PRESENTA', 'NO PRESENTA', 'NO PRESENTA', 'NO PRESENTA', 'NO PRESENTA', 'NO PRESENTA', 'REPARAR', 'NO PRESENTA', 'FALTA REMARCAR, REPO', 'NO PRESENTA', 'REGULAR', 'BUEN ESTADO', 'NO PRESENTA', 'NO PRESENTA', 'NO PRESENTA', NULL, NULL),
(305, 'REGULAR', 'BUENA', 'BUENO', 'BUEN ESTADO', 'NO PRESENTA', 'NO PRESENTA', 'NO PRESENTA', 'NO PRESENTA', 'NO PRESENTA', 'NO PRESENTA', 'BUEN ESTADO', 'NO PRESENTA', 'FALTA REMARCAR, REPO', 'NO PRESENTA', 'REGULAR', 'BUEN ESTADO', 'NO PRESENTA', 'NO PRESENTA', 'NO PRESENTA', NULL, NULL),
(306, 'BUENA', 'BUENA', 'BUENO', 'PINTURA', 'NO PRESENTA', 'NO PRESENTA', 'NO PRESENTA', 'NO PRESENTA', 'NO PRESENTA', 'NO PRESENTA', 'BUEN ESTADO', 'NO PRESENTA', 'FALTA REMARCAR, REPO', 'NO PRESENTA', 'BUEN ESTADO', 'NO PRESENTA', 'NO PRESENTA', 'NO PRESENTA', 'NO PRESENTA', NULL, NULL),
(307, 'REGULAR', 'BUENA', 'NO RELEVADO', 'PINTURA', 'NO PRESENTA', 'NO PRESENTA', 'NO PRESENTA', 'NO PRESENTA', 'NO PRESENTA', 'NO PRESENTA', 'REPARAR', 'NO PRESENTA', 'FALTA REMARCAR, REPO', 'NO PRESENTA', 'BUEN ESTADO', 'BUEN ESTADO', 'NO PRESENTA', 'NO PRESENTA', 'NO PRESENTA', NULL, NULL),
(308, 'REGULAR', 'BUENA', 'BUENO', 'PINTURA', 'NO PRESENTA', 'NO PRESENTA', 'NO PRESENTA', 'NO PRESENTA', 'NO PRESENTA', 'BUEN ESTADO', 'BUEN ESTADO', 'NO PRESENTA', 'FALTA REMARCAR, REPO', 'NO PRESENTA', 'BUEN ESTADO', 'BUEN ESTADO', 'NO PRESENTA', 'NO PRESENTA', 'NO ASISTIDO', NULL, NULL),
(309, 'MALA', 'BUENA', 'BUENO', 'PINTURA', 'NO PRESENTA', 'NO PRESENTA', 'NO PRESENTA', 'NO PRESENTA', 'NO PRESENTA', 'BUEN ESTADO', 'REPARAR', 'BUEN ESTADO', 'REPONER ARENA', 'NO PRESENTA', 'BUEN ESTADO', 'BUEN ESTADO', 'NO PRESENTA', 'NO PRESENTA', 'NO PRESENTA', NULL, NULL),
(310, 'REGULAR', 'BUENA', 'REGULAR', 'PINTURA', 'NO PRESENTA', 'NO PRESENTA', 'NO PRESENTA', 'NO PRESENTA', 'NO PRESENTA', 'NO PRESENTA', 'BUEN ESTADO', 'NO PRESENTA', 'NO PRESENTA', 'NO PRESENTA', 'BUEN ESTADO', 'NO PRESENTA', 'NO PRESENTA', 'NO PRESENTA', 'NO PRESENTA', NULL, NULL),
(311, '', '', '', '', '', '', '', '', '', '', '', '', '', '', '', '', '', '', '', NULL, NULL),
(312, 'BUENA', 'BUENA', 'BUENO', 'PINTURA', 'PROYECTAR', 'NO PRESENTA', 'NO PRESENTA', 'NO PRESENTA', 'NO PRESENTA', 'NO PRESENTA', 'NO PRESENTA', 'NO PRESENTA', 'FALTA REMARCAR, REPO', 'NO PRESENTA', 'NO PRESENTA', 'NO PRESENTA', 'NO PRESENTA', 'NO PRESENTA', 'NO PRESENTA', NULL, NULL),
(313, 'REGULAR', 'BUENA', 'BUENO', 'PINTURA', 'NO PRESENTA', 'NO PRESENTA', 'NO PRESENTA', 'NO PRESENTA', 'NO PRESENTA', 'NO PRESENTA', 'NO PRESENTA', 'NO PRESENTA', 'FALTA REMARCAR, REPO', 'NO PRESENTA', 'NO PRESENTA', 'BUEN ESTADO', 'NO PRESENTA', 'NO PRESENTA', 'NO PRESENTA', NULL, NULL),
(314, 'REGULAR', 'BUENA', 'BUENO', 'PINTURA', 'NO PRESENTA', 'NO PRESENTA', 'NO PRESENTA', 'NO PRESENTA', 'NO PRESENTA', 'NO PRESENTA', 'NO PRESENTA', 'REPARAR/PINTAR', 'FALTA REMARCAR, REPO', 'NO PRESENTA', 'NO PRESENTA', 'BUEN ESTADO', 'NO PRESENTA', 'NO PRESENTA', 'NO PRESENTA', NULL, NULL),
(315, 'BUENA', 'BUENA', 'BUENO', 'NO PRESENTA', 'PROYECTAR', 'NO PRESENTA', 'NO PRESENTA', 'NO PRESENTA', 'NO PRESENTA', 'NO PRESENTA', 'BUEN ESTADO', 'NO PRESENTA', 'NO PRESENTA', 'NO PRESENTA', 'BUEN ESTADO', 'BUEN ESTADO', 'BUEN ESTADO', 'NO PRESENTA', 'BUEN ESTADO', NULL, NULL),
(316, 'BUENA', 'BUENA', 'FALTA ESCAMONDA', 'NO PRESENTA', 'PROYECTAR', 'PINTURA', 'PINTURA', 'NO PRESENTA', '', 'BUEN ESTADO', 'BUEN ESTADO', 'NO PRESENTA', 'NO PRESENTA', 'NO PRESENTA', 'BUEN ESTADO', 'BUEN ESTADO', 'REGULAR', 'NO PRESENTA', 'REPARAR', NULL, NULL),
(317, 'BUENA', 'BUENA', 'BUENO', 'PINTURA', 'PINTURA', 'NO PRESENTA', 'PINTURA', 'REPARAR', 'BUEN ESTADO', 'NO PRESENTA', 'BUEN ESTADO', 'NO PRESENTA', 'BUEN ESTADO', 'NO PRESENTA', 'REGULAR', 'BUEN ESTADO', 'NO PRESENTA', 'NO PRESENTA', 'BUEN ESTADO', NULL, NULL),
(318, 'BUENA', 'BUENA', 'BUENO', 'PINTURA', 'BUEN ESTADO', 'NO PRESENTA', 'PINTURA', 'PINTURA', 'BUEN ESTADO', 'BUEN ESTADO', 'REPARAR', 'NO PRESENTA', 'BUEN ESTADO', 'NO PRESENTA', 'REGULAR', 'BUEN ESTADO', 'NO PRESENTA', 'NO PRESENTA', 'BUEN ESTADO', NULL, NULL),
(319, 'REGULAR', 'BUENA', 'FALTA ESCAMONDA', 'PINTURA', 'NO PRESENTA', 'NO PRESENTA', 'PINTURA', 'NO PRESENTA', 'NO PRESENTA', 'BUEN ESTADO', 'BUEN ESTADO', 'NO PRESENTA', 'FALTA REMARCAR, REPO', 'NO PRESENTA', 'REGULAR', 'REPARAR', 'BUEN ESTADO', 'NO PRESENTA', 'BUEN ESTADO', NULL, NULL),
(320, 'BUENA', 'BUENA', 'BUENO', 'PINTURA', 'NO PRESENTA', 'NO PRESENTA', 'NO PRESENTA', 'NO PRESENTA', 'NO PRESENTA', 'NO PRESENTA', 'BUEN ESTADO', 'NO PRESENTA', 'FALTA REMARCAR, REPO', 'NO PRESENTA', 'REGULAR', 'BUEN ESTADO', 'NO PRESENTA', 'NO PRESENTA', 'NO PRESENTA', NULL, NULL),
(321, 'REGULAR', 'BUENA', 'BUENO', 'PINTURA', 'NO PRESENTA', 'NO PRESENTA', 'NO PRESENTA', 'NO PRESENTA', 'NO PRESENTA', 'NO PRESENTA', 'BUEN ESTADO', 'NO PRESENTA', 'NO PRESENTA', 'NO PRESENTA', 'REGULAR', 'BUEN ESTADO', 'NO PRESENTA', 'NO PRESENTA', 'REPARAR', NULL, NULL),
(322, 'BUENA', 'BUENA', 'BUENO', 'NO PRESENTA', 'NO PRESENTA', 'NO PRESENTA', 'NO PRESENTA', 'NO PRESENTA', 'NO PRESENTA', 'NO PRESENTA', 'BUEN ESTADO', 'NO PRESENTA', 'NO PRESENTA', 'NO PRESENTA', 'REGULAR', 'BUEN ESTADO', 'NO PRESENTA', 'NO PRESENTA', 'NO PRESENTA', NULL, NULL),
(323, 'REGULAR', 'BUENA', 'BUENO', 'PINTURA', 'NO PRESENTA', 'NO PRESENTA', 'NO PRESENTA', 'REPARAR', 'NO PRESENTA', 'REPARAR', 'BUEN ESTADO', 'BUEN ESTADO', 'BUEN ESTADO', 'NO PRESENTA', 'BUEN ESTADO', 'BUEN ESTADO', 'BUEN ESTADO', 'BUEN ESTADO', 'NO PRESENTA', NULL, NULL),
(324, 'REGULAR', 'BUENA', 'BUENO', 'BUEN ESTADO', 'NO PRESENTA', 'BUEN ESTADO', 'PINTURA', 'PINTURA', 'NO PRESENTA', 'BUEN ESTADO', 'BUEN ESTADO', 'BUEN ESTADO', 'BUEN ESTADO', 'NO PRESENTA', 'REGULAR', 'BUEN ESTADO', 'NO PRESENTA', 'BUEN ESTADO', 'BUEN ESTADO', NULL, NULL),
(325, 'BUENA', 'BUENA', 'BUENO', 'NO PRESENTA', 'NO PRESENTA', 'NO PRESENTA', 'PINTURA', 'NO PRESENTA', 'NO PRESENTA', 'NO PRESENTA', 'BUEN ESTADO', 'BUEN ESTADO', 'NO PRESENTA', 'NO PRESENTA', 'BUEN ESTADO', 'BUEN ESTADO', 'NO PRESENTA', 'NO PRESENTA', 'BUEN ESTADO', NULL, NULL),
(326, 'BUENA', 'BUENA', 'BUENO', 'PINTURA', 'LIMPIEZA', 'NO PRESENTA', 'PINTURA', 'NO PRESENTA', 'NO PRESENTA', 'BUEN ESTADO', 'BUEN ESTADO', 'NO PRESENTA', 'BUEN ESTADO', 'NO PRESENTA', 'BUEN ESTADO', 'BUEN ESTADO', 'NO PRESENTA', 'NO PRESENTA', 'BUEN ESTADO', NULL, NULL),
(327, 'BUENA', 'BUENA', 'BUENO', 'BUEN ESTADO', 'NO PRESENTA', 'NO PRESENTA', 'NO PRESENTA', 'BUEN ESTADO', 'NO PRESENTA', 'NO PRESENTA', 'BUEN ESTADO', 'BUEN ESTADO', 'BUEN ESTADO', 'NO PRESENTA', 'REGULAR', 'BUEN ESTADO', 'NO PRESENTA', 'NO PRESENTA', 'BUEN ESTADO', NULL, NULL),
(328, 'MALA', 'CORTE DE CESPED', 'BUENO', 'PINTURA', 'NO PRESENTA', 'NO PRESENTA', 'NO PRESENTA', 'NO PRESENTA', 'NO PRESENTA', 'NO PRESENTA', 'NO PRESENTA', 'NO PRESENTA', 'NO PRESENTA', 'NO PRESENTA', 'REGULAR', 'BUEN ESTADO', 'NO PRESENTA', 'NO PRESENTA', 'NO PRESENTA', NULL, NULL),
(329, 'MALA', 'BUENA', 'BUENO', 'PINTURA', 'NO PRESENTA', 'NO PRESENTA', 'NO PRESENTA', 'NO PRESENTA', 'NO PRESENTA', 'NO PRESENTA', 'NO PRESENTA', 'NO PRESENTA', 'REPONER ARENA', 'NO PRESENTA', 'BUEN ESTADO', 'BUEN ESTADO', 'NO PRESENTA', 'NO PRESENTA', 'NO PRESENTA', NULL, NULL),
(330, 'REGULAR', 'BUENA', 'FALTA ESCAMONDA', 'PINTURA', 'NO PRESENTA', 'NO PRESENTA', 'NO PRESENTA', 'PINTURA', 'NO PRESENTA', 'BUEN ESTADO', 'BUEN ESTADO', 'REPARAR/PINTAR', 'BUEN ESTADO', 'NO PRESENTA', 'BUEN ESTADO', 'BUEN ESTADO', 'NO PRESENTA', 'NO PRESENTA', 'NO PRESENTA', NULL, NULL),
(331, 'REGULAR', 'CORTE DE CESPED', 'FALTA ESCAMONDA', 'PINTURA', 'PINTURA', 'NO PRESENTA', 'PINTURA', 'PINTURA', 'NO PRESENTA', 'NO PRESENTA', 'REPONER', '', 'FALTA REMARCAR, REPO', 'NO PRESENTA', 'REGULAR', 'REPARAR', 'BUEN ESTADO', 'NO PRESENTA', 'BUEN ESTADO', NULL, NULL),
(332, 'BUENA', 'BUENA', 'BUENO', 'PINTURA', 'NO PRESENTA', 'NO PRESENTA', 'NO PRESENTA', 'NO PRESENTA', 'NO PRESENTA', 'NO PRESENTA', 'BUEN ESTADO', 'NO PRESENTA', 'FALTA REMARCAR, REPO', 'NO PRESENTA', 'BUEN ESTADO', 'BUEN ESTADO', 'NO PRESENTA', 'NO PRESENTA', 'BUEN ESTADO', NULL, NULL),
(333, 'REGULAR', 'BUENA', 'FALTA ESCAMONDA', 'PINTURA', 'NO PRESENTA', 'NO PRESENTA', 'NO PRESENTA', 'BUEN ESTADO', 'NO PRESENTA', 'BUEN ESTADO', 'BUEN ESTADO', 'NO PRESENTA', 'REPONER ARENA', 'NO PRESENTA', 'BUEN ESTADO', 'BUEN ESTADO', 'NO PRESENTA', 'NO PRESENTA', 'NO PRESENTA', NULL, NULL),
(334, 'REGULAR', 'BUENA', 'FALTA ESCAMONDA', 'PINTURA', 'PINTURA', 'PINTURA', 'PINTURA', 'PINTURA', 'NO PRESENTA', 'NO PRESENTA', 'REPARAR', 'NO PRESENTA', 'FALTA REMARCAR', 'REPONER GRANZA', 'MAL ESTADO', 'REPARAR', 'BUEN ESTADO', 'BUEN ESTADO', 'BUEN ESTADO', NULL, NULL),
(335, 'BUENA', 'BUENA', 'FALTA ESCAMONDA', 'PINTURA', 'NO PRESENTA', 'NO PRESENTA', 'PINTURA', 'BUEN ESTADO', 'NO PRESENTA', 'BUEN ESTADO', 'BUEN ESTADO', 'NO PRESENTA', 'BUEN ESTADO', 'REPONER GRANZA', 'MAL ESTADO', 'REPARAR', 'NO PRESENTA', 'NO PRESENTA', 'BUEN ESTADO', NULL, NULL),
(336, 'BUENA', 'BUENA', 'FALTA ESCAMONDA', 'NO PRESENTA', 'PINTURA', 'BUEN ESTADO', 'PINTURA', 'NO PRESENTA', 'NO PRESENTA', 'BUEN ESTADO', 'BUEN ESTADO', 'NO PRESENTA', 'NO PRESENTA', 'REPONER GRANZA', 'MAL ESTADO', 'REPARAR', 'NO PRESENTA', 'NO PRESENTA', 'BUEN ESTADO', NULL, NULL),
(337, 'BUENA', 'CORTE DE CESPED', 'BUENO', 'NO PRESENTA', 'NO PRESENTA', 'NO PRESENTA', 'NO PRESENTA', 'NO PRESENTA', 'NO PRESENTA', 'NO PRESENTA', 'REPARAR', 'REPARAR/PINTAR', 'NO PRESENTA', 'NO PRESENTA', 'REGULAR', 'BUEN ESTADO', 'NO PRESENTA', 'NO PRESENTA', 'NO PRESENTA', NULL, NULL),
(338, 'REGULAR', 'REGULAR', 'FALTA ESCAMONDA', 'PINTURA', 'PINTURA', 'NO PRESENTA', 'NO PRESENTA', 'NO PRESENTA', 'NO PRESENTA', 'NO PRESENTA', 'REPARAR', 'NO PRESENTA', 'FALTA REMARCAR, REPO', 'NO PRESENTA', 'REGULAR', 'REPARAR', 'NO PRESENTA', 'BUEN ESTADO', 'NO PRESENTA', NULL, NULL),
(339, 'BUENA', 'REGULAR', 'FALTA ESCAMONDA', 'BUEN ESTADO', 'NO PRESENTA', 'NO PRESENTA', 'NO PRESENTA', 'NO PRESENTA', 'NO PRESENTA', 'NO PRESENTA', 'BUEN ESTADO', 'NO PRESENTA', 'FALTA REMARCAR, REPO', 'NO PRESENTA', 'BUEN ESTADO', 'BUEN ESTADO', 'NO PRESENTA', 'NO PRESENTA', 'NO PRESENTA', NULL, NULL),
(340, 'MUY BUENA', 'BUENA', 'BUENO', 'PINTURA', 'NO PRESENTA', 'NO PRESENTA', 'NO PRESENTA', 'NO PRESENTA', 'NO PRESENTA', 'NO PRESENTA', 'REPONER', 'NO PRESENTA', 'FALTA REMARCAR, REPO', 'NO PRESENTA', 'NO PRESENTA', 'BUEN ESTADO', 'NO PRESENTA', 'NO PRESENTA', 'REPARAR', NULL, NULL),
(341, 'BUENA', 'BUENA', 'FALTA ESCAMONDA', 'PINTURA', 'NO PRESENTA', 'NO PRESENTA', 'NO PRESENTA', 'NO PRESENTA', 'NO PRESENTA', 'NO PRESENTA', 'BUEN ESTADO', 'NO PRESENTA', 'FALTA REMARCAR, REPO', 'NO PRESENTA', 'BUEN ESTADO', 'BUEN ESTADO', 'NO PRESENTA', 'REGULAR', 'REPARAR', NULL, NULL),
(342, 'MALA', 'MAL', 'FALTA ESCAMONDA', 'BUEN ESTADO', 'NO PRESENTA', 'NO PRESENTA', 'NO PRESENTA', 'NO PRESENTA', 'NO PRESENTA', 'BUEN ESTADO', 'BUEN ESTADO', 'NO PRESENTA', 'BUEN ESTADO', 'NO PRESENTA', 'MAL ESTADO', 'BUEN ESTADO', 'NO PRESENTA', 'NO PRESENTA', 'REPARAR', NULL, NULL),
(343, 'BUENA', 'BUENA', 'FALTA ESCAMONDA', 'PINTURA', 'NO PRESENTA', 'NO PRESENTA', 'NO PRESENTA', 'REPARAR', 'NO PRESENTA', 'BUEN ESTADO', 'BUEN ESTADO', 'NO PRESENTA', 'FALTA REMARCAR, REPO', 'NO PRESENTA', 'REGULAR', 'REPARAR', 'NO PRESENTA', 'NO PRESENTA', 'NO PRESENTA', NULL, NULL),
(344, 'REGULAR', 'BUENA', 'FALTA ESCAMONDA', 'PINTURA', 'NO PRESENTA', 'NO PRESENTA', 'NO PRESENTA', 'PINTURA', 'NO PRESENTA', 'BUEN ESTADO', 'BUEN ESTADO', 'NO PRESENTA', 'FALTA REMARCAR', 'NO PRESENTA', 'REGULAR', 'BUEN ESTADO', 'NO PRESENTA', 'NO PRESENTA', 'NO PRESENTA', NULL, NULL),
(345, 'REGULAR', 'BUENA', 'BUENO', 'BUEN ESTADO', 'NO PRESENTA', 'NO PRESENTA', 'NO PRESENTA', 'NO PRESENTA', 'NO PRESENTA', 'NO PRESENTA', 'BUEN ESTADO', 'NO PRESENTA', 'REPONER ARENA', 'NO PRESENTA', 'REGULAR', 'NO PRESENTA', 'NO PRESENTA', 'NO PRESENTA', 'NO PRESENTA', NULL, NULL),
(346, '', '', '', '', '', '', '', '', '', '', '', '', '', '', '', '', '', '', '', NULL, NULL),
(347, 'BUENA', 'BUENA', 'FALTA ESCAMONDA', 'PINTURA', 'NO PRESENTA', 'NO PRESENTA', 'NO PRESENTA', 'NO PRESENTA', 'NO PRESENTA', 'NO PRESENTA', 'REPONER', 'NO PRESENTA', 'FALTA REMARCAR, REPO', 'BUEN ESTADO', 'REGULAR', 'REPARAR', 'NO PRESENTA', 'NO PRESENTA', 'NO PRESENTA', NULL, NULL),
(348, 'REGULAR', 'REGULAR', 'FALTA ESCAMONDA', 'PINTURA', 'NO PRESENTA', 'NO PRESENTA', 'NO PRESENTA', 'NO PRESENTA', 'NO PRESENTA', 'NO PRESENTA', 'REPARAR', 'NO PRESENTA', 'FALTA REMARCAR, REPO', 'FALTAN REMARCAR', 'MAL ESTADO', 'REPARAR', 'NO PRESENTA', 'NO PRESENTA', 'NO PRESENTA', NULL, NULL),
(349, 'MALA', 'REGULAR', 'FALTA ESCAMONDA', 'PINTURA', 'NO PRESENTA', 'NO PRESENTA', 'NO PRESENTA', 'NO PRESENTA', 'NO PRESENTA', 'NO PRESENTA', 'NO PRESENTA', 'NO PRESENTA', 'FALTA REMARCAR, REPO', 'NO PRESENTA', 'REGULAR', 'REPARAR', 'NO PRESENTA', 'NO PRESENTA', 'NO PRESENTA', NULL, NULL),
(350, 'REGULAR', 'REGULAR', 'NO RELEVADO', 'BUEN ESTADO', 'NO PRESENTA', 'NO PRESENTA', 'NO PRESENTA', 'NO PRESENTA', 'NO PRESENTA', 'NO PRESENTA', 'NO PRESENTA', 'NO PRESENTA', 'NO PRESENTA', 'NO PRESENTA', 'MAL ESTADO', 'REPARAR', 'NO PRESENTA', 'NO PRESENTA', 'NO PRESENTA', NULL, NULL),
(351, 'MALA', 'BUENA', 'FALTA ESCAMONDA', 'BUEN ESTADO', 'NO PRESENTA', 'NO PRESENTA', 'NO PRESENTA', 'NO PRESENTA', 'NO PRESENTA', 'NO PRESENTA', 'NO PRESENTA', 'NO PRESENTA', 'REPONER ARENA', 'NO PRESENTA', 'REGULAR', 'NO PRESENTA', 'NO PRESENTA', 'NO PRESENTA', 'NO PRESENTA', NULL, NULL),
(352, 'REGULAR', 'BUENA', 'FALTA ESCAMONDA', 'BUEN ESTADO', 'NO PRESENTA', 'NO PRESENTA', 'NO PRESENTA', 'NO PRESENTA', 'NO PRESENTA', 'NO PRESENTA', 'NO PRESENTA', 'NO PRESENTA', 'NO PRESENTA', 'NO PRESENTA', 'MAL ESTADO', 'REPARAR', 'NO PRESENTA', 'NO PRESENTA', 'NO PRESENTA', NULL, NULL),
(353, 'REGULAR', 'REGULAR', 'FALTA ESCAMONDA', 'PINTURA', 'NO PRESENTA', 'NO PRESENTA', 'NO PRESENTA', 'NO PRESENTA', 'NO PRESENTA', 'NO PRESENTA', 'REPARAR', 'NO PRESENTA', 'REPONER ARENA', 'FALTAN REMARCAR', 'REGULAR', 'REPARAR', 'NO PRESENTA', 'NO PRESENTA', 'NO PRESENTA', NULL, NULL),
(354, 'REGULAR', 'BUENA', 'FALTA ESCAMONDA', 'PINTURA', 'NO PRESENTA', 'NO PRESENTA', 'NO PRESENTA', 'BUEN ESTADO', 'NO PRESENTA', 'NO PRESENTA', 'REPONER', 'NO PRESENTA', 'BUEN ESTADO', 'NO PRESENTA', 'REGULAR', 'NO PRESENTA', 'NO PRESENTA', 'NO PRESENTA', 'NO PRESENTA', NULL, NULL),
(355, 'BUENA', 'BUENA', 'BUENO', 'PINTURA', 'PINTURA', 'PINTURA', 'NO PRESENTA', 'NO PRESENTA', 'NO PRESENTA', 'BUEN ESTADO', 'REPARAR', 'NO PRESENTA', 'BUEN ESTADO', 'NO PRESENTA', 'REGULAR', 'BUEN ESTADO', 'NO PRESENTA', 'BUEN ESTADO', 'REPARAR', NULL, NULL),
(356, 'REGULAR', 'CORTE DE CESPED', 'BUENO', 'BUEN ESTADO', 'NO PRESENTA', 'NO PRESENTA', 'NO PRESENTA', 'NO PRESENTA', 'NO PRESENTA', 'REPARAR', 'BUEN ESTADO', 'BUEN ESTADO', 'FALTA REMARCAR, REPO', 'NO PRESENTA', 'MAL ESTADO', 'BUEN ESTADO', 'NO PRESENTA', 'REGULAR', 'NO PRESENTA', NULL, NULL),
(357, 'BUENA', 'BUENA', 'BUENO', 'PINTURA', 'NO PRESENTA', 'NO PRESENTA', 'NO PRESENTA', 'NO PRESENTA', 'NO PRESENTA', 'NO PRESENTA', 'BUEN ESTADO', 'NO PRESENTA', 'FALTA REMARCAR, REPO', 'NO PRESENTA', 'REGULAR', 'BUEN ESTADO', 'NO PRESENTA', 'MAL ESTADO', 'NO PRESENTA', NULL, NULL),
(358, 'BUENA', 'BUENA', 'FALTA ESCAMONDA', 'BUEN ESTADO', 'NO PRESENTA', 'NO PRESENTA', 'NO PRESENTA', 'BUEN ESTADO', 'NO PRESENTA', 'NO PRESENTA', 'BUEN ESTADO', 'BUEN ESTADO', 'BUEN ESTADO', 'NO PRESENTA', 'BUEN ESTADO', 'BUEN ESTADO', 'NO PRESENTA', 'NO PRESENTA', 'NO PRESENTA', NULL, NULL),
(359, 'MALA', 'BUENA', 'NO RELEVADO', 'PINTURA', 'NO PRESENTA', 'NO PRESENTA', 'NO PRESENTA', 'NO PRESENTA', 'NO PRESENTA', 'NO PRESENTA', 'REPARAR', 'NO PRESENTA', 'REPONER ARENA', 'NO PRESENTA', 'REGULAR', 'BUEN ESTADO', 'NO PRESENTA', 'NO PRESENTA', 'NO PRESENTA', NULL, NULL),
(360, 'MALA', 'BUENA', 'NO RELEVADO', 'PINTURA', 'NO PRESENTA', 'NO PRESENTA', 'NO PRESENTA', 'NO PRESENTA', 'NO PRESENTA', 'NO PRESENTA', 'BUEN ESTADO', 'NO PRESENTA', 'FALTA REMARCAR, REPO', 'NO PRESENTA', 'REGULAR', 'BUEN ESTADO', 'NO PRESENTA', 'NO PRESENTA', 'NO ASISTIDO', NULL, NULL),
(361, 'REGULAR', 'BUENA', 'FALTA ESCAMONDA', 'PINTURA', 'NO PRESENTA', 'NO PRESENTA', 'NO PRESENTA', 'NO PRESENTA', 'NO PRESENTA', 'NO PRESENTA', 'BUEN ESTADO', 'NO PRESENTA', 'REPONER ARENA', 'FALTAN REMARCAR', 'BUEN ESTADO', 'BUEN ESTADO', 'NO PRESENTA', 'NO PRESENTA', 'NO PRESENTA', NULL, NULL),
(362, '', '', '', '', '', '', '', '', '', '', '', '', '', '', '', '', '', '', '', NULL, NULL),
(363, '', '', '', '', '', '', '', '', '', '', '', '', '', '', '', '', '', '', '', NULL, NULL),
(364, '', '', '', '', '', '', '', '', '', '', '', '', '', '', '', '', '', '', '', NULL, NULL),
(365, 'BUENA', 'BUENA', 'BUENO', 'PINTURA', 'NO PRESENTA', 'NO PRESENTA', 'NO PRESENTA', 'NO PRESENTA', 'NO PRESENTA', 'NO PRESENTA', 'NO PRESENTA', 'NO PRESENTA', 'FALTA REMARCAR, REPO', 'NO PRESENTA', 'BUEN ESTADO', 'BUEN ESTADO', 'NO PRESENTA', 'NO PRESENTA', 'NO PRESENTA', NULL, NULL),
(366, 'REGULAR', 'BUENA', 'FALTA ESCAMONDA', 'PINTURA', 'NO PRESENTA', 'NO PRESENTA', 'NO PRESENTA', 'NO PRESENTA', 'NO PRESENTA', 'NO PRESENTA', 'NO PRESENTA', 'NO PRESENTA', 'FALTA REMARCAR, REPO', 'NO PRESENTA', 'MAL ESTADO', 'BUEN ESTADO', 'NO PRESENTA', 'NO PRESENTA', 'NO PRESENTA', NULL, NULL),
(367, 'BUENA', 'BUENA', 'FALTA ESCAMONDA', 'PINTURA', 'NO PRESENTA', 'NO PRESENTA', 'NO PRESENTA', 'NO PRESENTA', 'NO PRESENTA', 'NO PRESENTA', 'BUEN ESTADO', 'NO PRESENTA', 'REPONER ARENA', 'NO PRESENTA', 'BUEN ESTADO', 'NO PRESENTA', 'NO PRESENTA', 'NO PRESENTA', 'NO PRESENTA', NULL, NULL),
(368, 'MALA', 'BUENA', 'BUENO', 'PINTURA', 'NO PRESENTA', 'NO PRESENTA', 'NO PRESENTA', 'NO PRESENTA', 'NO PRESENTA', 'NO PRESENTA', 'BUEN ESTADO', 'NO PRESENTA', 'FALTA REMARCAR, REPO', 'NO PRESENTA', 'BUEN ESTADO', 'NO PRESENTA', 'NO PRESENTA', 'NO PRESENTA', 'NO PRESENTA', NULL, NULL),
(369, 'MALA', 'BUENA', 'NO RELEVADO', 'PINTURA', 'NO PRESENTA', 'NO PRESENTA', 'NO PRESENTA', 'NO PRESENTA', 'NO PRESENTA', 'NO PRESENTA', 'NO PRESENTA', 'NO PRESENTA', 'FALTA REMARCAR, REPO', 'NO PRESENTA', 'BUEN ESTADO', 'BUEN ESTADO', 'NO PRESENTA', 'NO PRESENTA', 'NO ASISTIDO', NULL, NULL);

INSERT INTO `users` (`id`, `name`, `email`, `password`, `remember_token`, `created_at`, `updated_at`) VALUES
(1, 'Franco', 'fmaggio0@rosario.gov.ar', '$2y$10$Bb4uSgTfvtutH47Oehbbw.wdSZgRvx7lbe7hI2ZSfe72Q.ombVX.2', 'lTfd8rhzNGCfNN9VrqO7MRX0RDUPQiYSnQ5SKEE2hP3s20iTyHHv0fNxJv2e', '2016-08-31 03:57:52', '2016-08-31 22:03:40');

--
-- AUTO_INCREMENT for table `informacion_plazas`
--
ALTER TABLE `informacion_plazas`
  MODIFY `id_plaza` int(10) UNSIGNED NOT NULL AUTO_INCREMENT, AUTO_INCREMENT=370;
--
-- AUTO_INCREMENT for table `users`
--
ALTER TABLE `users`
  MODIFY `id` int(10) UNSIGNED NOT NULL AUTO_INCREMENT, AUTO_INCREMENT=2;
--
-- Constraints for dumped tables
--

--
-- Constraints for table `mobiliario_plazas`
--
ALTER TABLE `mobiliario_plazas`
  ADD CONSTRAINT `mobiliario_plazas_id_plaza_foreign` FOREIGN KEY (`id_plaza`) REFERENCES `informacion_plazas` (`id_plaza`);

--
-- Constraints for table `relevamiento_plazas`
--
ALTER TABLE `relevamiento_plazas`
  ADD CONSTRAINT `relevamiento_plazas_id_plaza_foreign` FOREIGN KEY (`id_plaza`) REFERENCES `informacion_plazas` (`id_plaza`);
