-- phpMyAdmin SQL Dump
-- version 4.5.1
-- http://www.phpmyadmin.net
--
-- Host: 127.0.0.1
-- Generation Time: Aug 25, 2016 at 05:10 AM
-- Server version: 10.1.10-MariaDB
-- PHP Version: 5.6.15

SET SQL_MODE = "NO_AUTO_VALUE_ON_ZERO";
SET time_zone = "+00:00";


/*!40101 SET @OLD_CHARACTER_SET_CLIENT=@@CHARACTER_SET_CLIENT */;
/*!40101 SET @OLD_CHARACTER_SET_RESULTS=@@CHARACTER_SET_RESULTS */;
/*!40101 SET @OLD_COLLATION_CONNECTION=@@COLLATION_CONNECTION */;
/*!40101 SET NAMES utf8mb4 */;

--
-- Database: `sistemaplazas`
--

--
-- Dumping data for table `informacion_plazas`
--

INSERT INTO `informacion_plazas` (`id_plaza`, `nombre`, `direccion`, `codigo`, `distrito`, `latitud`, `longitud`, `observaciones`, `created_at`, `updated_at`) VALUES
(1, 'LOS CEDROS', 'POBLET Y CALLE 1331', 'N01', 'NORTE', '-32.886354', '-60.722731', 'REPONER 2 ASIENTOS DE SYB', NULL, NULL),
(2, 'PLAZA S/N', 'ONCATIVO Y CALLE 1369', 'N02', 'NORTE', '-32.8800526', '-60.7202376', 'INSTALAR MÓDULO DE PLAZA NUEVO, CAMBIAR ARCOS DE MADERA, REPONER CESTOS MESAS Y BANCOS.', NULL, NULL),
(3, 'FERIA AUTOGESTIVA COSTA ALTA', 'CARRASCO E. Y MARTIN FIERRO', 'N03', 'NORTE', '-32.8758851', '-60.6870587', 'REPONER GRANZA', NULL, NULL),
(4, 'PLAZA S/N', 'CARRASCO E. Y BAJADA DAVID PEÑA', 'N04', 'NORTE', '-32.8771137', '-60.6869906', 'REPONER 33 TABLAS DE BANCOS. REMARCAR ARENERO', NULL, NULL),
(5, 'PLAZA S/N (BARRIO INDUSTRIAL)', 'G. CARRASCO Y FORMOSA', 'N05', 'NORTE', '-32.9201935', '-60.6909908', 'REPONER 5 GOMAS DE HAMACAS Y 1 SYB, REMARCAR ARENEROS', NULL, NULL),
(6, 'PLAZA REPUBLICA DE IRAK', 'DAVALO Y PEYRANO', 'N06', 'NORTE', '-32.8902071', '-60.7182823', 'LEVANTAR BANCO', NULL, NULL),
(7, 'PLAZA ENVAR EL KADRI', 'BLOMBERG Y PALESTINA', 'N07', 'NORTE', '-32.8861498', '-60.7194822', '', NULL, NULL),
(8, 'PLAZA FELIPE VALLESE', 'H. MANZI Y CASTRO', 'N08', 'NORTE', '-32.8869831', '-60.7159679', '', NULL, NULL),
(9, 'PLAZA S/N', 'CONCOLORCORVO Y GOMEZ CORNET', 'N09', 'NORTE', '-32.8868447', '-60.7120989', '', NULL, NULL),
(10, 'PLAZA DEL OMBÚ', 'J. F. KENNEDY Y GIANNEO', 'N10', 'NORTE', '-32.8897472', '-60.7130257', '', NULL, NULL),
(11, 'PLAZOLETA NUEVO ALBERDI', 'BV. BOUCHARD Y AV. SUAREZ JOAQUIN ', 'N11', 'NORTE', '-32.890144', '-60.7260745', '', NULL, NULL),
(12, 'PARQUE ALEM (SECTOR HOSPITAL DE NIÑOS)', 'DE LOS TRABAJADORES AL 1300', 'N12', 'NORTE', '-32.9114248', '-60.6785708', 'REPONER 3 GOMAS DE HAMACAS', NULL, NULL),
(13, 'PLAZA S/N', 'ALBERDI AL 500 (CRUCE ALBERDI)', 'N13', 'NORTE', '-32.9218911', '-60.679643', 'REPONER 1 GOMA DE HAMACA, 4 ASIENTOS DE SYB. ', NULL, NULL),
(14, 'PARQUE ALEM (SECTOR ACUARIO)', 'PRES. ARTURO FRONDIZZI 200', 'N14', 'NORTE', '-32.9119715', '-60.6746333', '', NULL, NULL),
(15, 'PLAZA DEL POETA', 'L. FONTANA 2400', 'N15', 'NORTE', '-32.8928037', '-60.713952', 'REPONER 3 TABLAS DE BANCO', NULL, NULL),
(16, 'PLAZOLETA DE LA AMISTAD', 'BAIGORRIA Y AVALOS', 'N16', 'NORTE', '-32.893355', '-60.7084125', 'PRESENTA UN CARRITO DE COMIDAS ABANDONADO', NULL, NULL),
(17, 'PARQUE ALEM (SECTOR PRINCIPAL)', 'PRES. ARTURO FRONDIZZI 400', 'N17', 'NORTE', '-32.910805', '-60.6771896', 'NIVELAR TERRENO, REPARAR CAMA DE ABDOMINALES', NULL, NULL),
(18, 'PLAZA DE LA ESPERANZA', 'MANUEL GARCÍA Y SUPERI', 'N18', 'NORTE', '-32.8969351', '-60.7138381', 'REPONER 1 GOMA DE HAMACA', NULL, NULL),
(19, 'INTERNA FONAVI', 'CASIANO CASAS Y CAVIA', 'N19', 'NORTE', '-32.9017486', '-60.7086738', 'REPONER 4 GOMAS DE HAMACAS Y 2 SUBE Y BAJAS', NULL, NULL),
(20, 'PLAZOLETA DR. A. J. PAZ', 'PINTOR MUSTO Y BV. RONDEAU', 'N20', 'NORTE', '-32.8725909', '-60.69862', '', NULL, NULL),
(21, 'PLAZA S. R. DESZA', 'SPEGAZZINI Y APÓSTOLES', 'N21', 'NORTE', '-32.8762402', '-60.7030225', '', NULL, NULL),
(22, 'PLAZA S/N', 'SUPERÍ Y AV. CASIANO CASAS', 'N22', 'NORTE', '-32.8967618', '-60.7155054', 'REPONER 3 ASIENTOS DE SUBE Y BAJAS', NULL, NULL),
(23, 'PLAZA LOMAS DE ALBERDI', 'VASALLO Y GHIONE', 'N23', 'NORTE', '-32.8787716', '-60.7083448', 'REPONER 3 ASIENTOS DE SUBE Y BAJAS, ENDEREZAR BICICLETERO', NULL, NULL),
(24, 'PLAZA OV. LAGOS', 'MARTIN FIERRO Y F. D. MIRANDA', 'N24', 'NORTE', '-32.8770914', '-60.6952936', 'REPONER 1 ASIENTO DE SYB, SOLDAR MANIJA. ARBOLES INFECTADOS CON BARBA DE VIEJO', NULL, NULL),
(25, 'PLAZA ANTONIO BERNI', 'AV. EUDORO CARRASCO Y RICARDO NUÑEZ', 'N25', 'NORTE', '-32.883655', '-60.6891806', '', NULL, NULL),
(26, 'PLAZA CENTENARIO (NORTE)', 'R. GUTIERREZ Y ACONCAGUA', 'N26', 'NORTE', '-32.8810197', '-60.6962032', '', NULL, NULL),
(27, 'PLAZA SECA S. ZAINO', 'AV. EUDORO CARRASCO Y GALLO', 'N27', 'NORTE', '-32.888797', '-60.6869701', '', NULL, NULL),
(28, 'PLAZA SANTOS DUMONT', 'ALVAREZ THOMAS Y FREYRE', 'N28', 'NORTE', '-32.8922783', '-60.6901881', 'REPONER GRANZA', NULL, NULL),
(29, 'PLAZA J. B. ALBERDI', 'WARNES Y SUPERI', 'N29', 'NORTE', '-32.8945417', '-60.6960973', 'REPONER 1 GOMA DE HAMACA, GRANZA.', NULL, NULL),
(30, 'PLAZA ALMIRANTE BROWN', 'PUCCIO Y BV. RONDEAU', 'N30', 'NORTE', '-32.8946049', '-60.6922837', 'REPONER GRANZA', NULL, NULL),
(31, 'PLAZA GALVEZ', 'MACIEL Y ALVAREZ THOMAS', 'N31', 'NORTE', '-32.9025041', '-60.6858473', 'PRESENTA HAMACA INCLUSIVA', NULL, NULL),
(32, 'PLAZOLETA GRITO DE ALCORTA', 'NETRI Y WASHINGTON', 'N32', 'NORTE', '-32.902731', '-60.6994121', '', NULL, NULL),
(33, 'PLAZA PINOCHO', 'SORRENTO Y AV. CASIANO CASAS', 'N33', 'NORTE', '-32.906918', '-60.6976213', 'REPONER 1 GOMA DE HAMACA.', NULL, NULL),
(34, 'PLAZOLETO GRANADEROS RESERVISTAS R. A.', 'MACHAIN Y AV. CASIANO CASAS', 'N34', 'NORTE', '-32.9066622', '-60.698022', '', NULL, NULL),
(35, 'PLAZA MERCEDITAS DE SAN MARTIN', 'BLAS PARERA Y UNIÓN', 'N35', 'NORTE', '-32.9020625', '-60.7028242', 'PINTAR MOBILIARIO', NULL, NULL),
(36, 'PLAZOLETA EVA PERÓN', 'AV. SORRENTO Y BV. RONDEAU', 'N36', 'NORTE', '-32.9070796', '-60.6903365', 'PRESENTA UN BUSTO EN BUEN ESTADO', NULL, NULL),
(37, 'PLAZA CBO. PPAL. OSCAR M. ALVAREZ', '8 DE NOVIEMBRE Y SIRIA', 'N37', 'NORTE', '', '', 'REPONER 2 GOMAS DE HAMACAS, FALTA PLACA DEL MONOLITO.', NULL, NULL),
(38, 'PLAZA OSCAR ALVAREZ', '8 DE NOVIEMBRE E INTENDENTE LAMAS', 'N38', 'NORTE', '', '', 'ROTONDA', NULL, NULL),
(39, 'PLAZOLETA MAQUINISTA GALLINI', 'G. MATORRAS Y REPÚBLICA DEL LIBANO', 'N39', 'NORTE', '-32.9125649', '-60.6920388', 'LEVANTAR MESA TUMBADA.', NULL, NULL),
(40, 'PARQUE VIRGINIO OTTONE', 'AV. GENOVA 2100', 'N40', 'NORTE', '-32.9158997', '-60.6938891', 'REFORESTAR, REPONER 1 ASIENTO DE SYB. FERIA SOBRE EL PARQUE', NULL, NULL),
(41, 'PLAZA ESTUREL', 'FRENCH Y AV. A. SABIN', 'N41', 'NORTE', '-32.9210799', '-60.6876124', '', NULL, NULL),
(42, 'PLAZA S/N', 'JUAN B. JUSTO Y POLICHISO', 'N42', 'NORTE', '-32.9143817', '-60.6972671', 'PRESENTA DOS CANCHAS DE FUTBOL', NULL, NULL),
(43, 'PLAZA BUDISLAVICH', 'DON ORIONE Y JOSE MANUEL ESTRADA', 'N43', 'NORTE', '-32.9220851', '-60.6755946', 'PROYECTAR PLAZA', NULL, NULL),
(44, 'PLAZA SECA S/N', 'J. F. KENNEDY Y AV. DE LOS GRANADEROS', 'N44', 'NORTE', '-32.8885189', '-60.7078391', 'PLAZA SECA DE AZULEJOS', NULL, NULL),
(45, 'PARQUE DE LOS FERROVIARIOS', 'AV. ALBERDI Y AV. A. SABIN', 'N45', 'NORTE', '-32.9286069', '-60.671907', '', NULL, NULL),
(46, 'PARQUE SCALABRINI ORTIZ', 'AV. MONGSFELD Y AV. ALBERDI', 'N46', 'NORTE', '-32.9294873', '-60.6679066', 'REGULAR LA PRESIÓN DE UNO DE LOS BEBEDEROS.', NULL, NULL),
(47, 'PLAZA DEL MUTUALISMO', 'VERA MUJICA Y VELEZ  SARSFIELD', 'N47', 'NORTE', '-32.9248416', '-60.664481', '', NULL, NULL),
(48, 'PLAZA S/N', 'THEDDY Y VERTIZ', 'N48', 'NORTE', '-32.9253295', '-60.6662011', '', NULL, NULL),
(49, 'PLAZA ING. C. M. DELLA PAOLERA', 'AV. CASEROS Y ESCALADA', 'N49', 'NORTE', '-32.8509196', '-60.7047119', 'ROTONDA DEL PARQUE SCALABRINI ORTIZ', NULL, NULL),
(50, 'PLAZA S/N', 'QUESADA Y TILCARA', 'N50', 'NORTE', '-32.8724963', '-60.7091899', '', NULL, NULL),
(51, 'PLAZA CAROLINA MUZILLI', 'PJE. 13100 Y ROBLES', 'N51', 'NORTE', '-32.8799926', '-60.7297968', 'CAMBIAR DOS SYB Y 6 MOVIMIENTOS DE HAMACA.', NULL, NULL),
(52, 'PLAZA S/N', 'PJE. 13101 Y POLLEDO', 'N52', 'NORTE', '', '', 'COLOCAR MAS JUEGOS, FALTA PERNO DE LA CANALETA.', NULL, NULL),
(53, 'PLAZA S/N (ZONA CERO)', 'CALLE 1333 Y PAUNERO', 'N53', 'NORTE', '-32.8844672', '-60.7266879', 'INSTALAR MÓDULO DE JUEGOS, HAY SERVICIO DE AGUA, INSTALAR CANCHA DE FUTBOL', NULL, NULL),
(54, 'PLAZA S/N', 'F. GRANDOLI Y LUZARRIAGA', 'N54', 'NORTE', '-32.8870761', '-60.7329533', 'REPONER ASIENTOS DE SYB', NULL, NULL),
(55, 'PLAZA S/N', 'BAIGORRIA Y BRASILIA', 'N55', 'NORTE', '-32.8941303', '-60.714999', 'REPONER GOMAS DE HAMACAS.', NULL, NULL),
(56, 'PLAZA S/N', 'LOUREIRO Y PJE. 1389', 'N56', 'NORTE', '-32.9021011', '-60.7124422', '', NULL, NULL),
(57, 'PLAZA S/N', 'PJE. 1392 Y PJE. 1397', 'N57', 'NORTE', '-32.9036954', '-60.7081033', 'COLOCAR CANALETA, REPONER HAMACAS Y SYB. REFORESTAR. FALTAN AROS DE BASQUET Y REPONER PAÑOS.', NULL, NULL),
(58, 'PLAZA S/N', 'LAMBARE Y ANTEQUERA', 'N58', 'NORTE', '-32.9087813', '-60.6960266', 'REFORESTAR', NULL, NULL),
(59, 'PLAZA S/N', 'GOMEZ CORNET Y MENA', 'N59', 'NORTE', '-32.8877694', '-60.7120045', '', NULL, NULL),
(60, 'PLAZA S/N', 'GAMBARTES Y PANIZZA', 'N60', 'NORTE', '-32.8888235', '-60.7103604', 'REPONER 1 GOMA DE HAMACA Y LEVANTAR UN BANCO', NULL, NULL),
(61, 'PLAZA S/N', 'GOMEZ CORNET Y BERRINI', 'N61', 'NORTE', '-32.8884519', '-60.7112079', '', NULL, NULL),
(62, 'PLAZA S/N', 'PALESTINA Y PEYNARO', 'N62', 'NORTE', '', '', 'REPONER 2 GOMAS DE HAMACAS.', NULL, NULL),
(63, 'PLAZA MAXIMILIANO L. INFANTE', 'HOMERO MANZI Y BLOMBERG', 'N63', 'NORTE', '-32.8869428', '-60.7187584', 'REPARAR TEJIDO DE PLAYÓN', NULL, NULL),
(64, 'PLAZA S/N', 'CEDRÓN Y VALENTIN GOMEZ', 'N64', 'NORTE', '-32.8721176', '-60.7010987', 'REPONER 1 GOMA DE HAMACA', NULL, NULL),
(65, 'PLAZA S/N', 'CAMINO DE LOS GRANADEROS Y BOEDO', 'N65', 'NORTE', '-32.892881', '-60.705814', 'REPONER 4 ASIENTOS DE SYB, 2 GOMAS DE HAMACA, CANALETA PICADA.', NULL, NULL),
(66, 'PLAZA S/N', 'BLAS PARERA Y LAPLACE', 'N66', 'NORTE', '-32.902637', '-60.7009378', 'SYB MUY ALTOS', NULL, NULL),
(67, 'PLAZA S/N', 'BLAS PARERA Y RAMOS MEJIA', 'N67', 'NORTE', '-32.9013207', '-60.6967401', 'PINTAR ARCOS DE FÚTBOL Y PINTAR MOBILIARIO DE VERDE CEMENTO', NULL, NULL),
(68, 'PLAZA S/N', 'DR. LUIS VILA Y URIARTE', 'N68', 'NORTE', '-32.899795', '-60.6971612', 'NIVELAR TERRENO', NULL, NULL),
(69, 'PLAZA LISANDRO DE LA TORRE', 'ALBERDI Y GENOVA', 'N69', 'NORTE', '-32.9151199', '-60.6855285', 'CANALETA PICADA', NULL, NULL),
(70, 'PLAZA S/N', 'TRAVESIA (800 BIS) Y RECONQUISTA', 'N70', 'NORTE', '-32.9181101', '-60.6896376', '2 TABLAS QUEMADAS DEL JUEGO', NULL, NULL),
(71, 'PLAZA S/N', 'TRAVESIA (1000 BIS) Y GENOVA', 'N71', 'NORTE', '-32.9160791', '-60.6910619', 'REPARAR PAÑOS DEL PLAYON, MADERAS QUEMADAS.', NULL, NULL),
(72, 'PLAZA S/N', 'TRAVESIA Y JUAN B. JUSTO', 'N72', 'NORTE', '-32.9142891', '-60.6917351', 'LEVANTAR BANCO TUMBADO', NULL, NULL),
(73, 'PLAZA S/N', 'SAN TELMO 1962 (CALLE 1350)', 'N73', 'NORTE', '-32.897713', '-60.7034', 'REPONER 2 SYB', NULL, NULL);

--
-- Dumping data for table `mobiliario_plazas`
--

INSERT INTO `mobiliario_plazas` (`id_plaza`, `hamaca`, `subeybaja`, `tobogan`, `trepador`, `circuitos_aerobicos`, `pasamanos`, `multijuego`, `hamaca_inclusiva`, `playon`, `bebedero`, `created_at`, `updated_at`) VALUES
(1, 3, 2, 0, 0, 0, 0, 0, 0, 0, 0, NULL, NULL),
(2, 0, 0, 0, 0, 0, 0, 0, 0, 0, 0, NULL, NULL),
(3, 0, 0, 0, 0, 0, 0, 0, 0, 0, 1, NULL, NULL),
(4, 3, 2, 0, 1, 0, 0, 0, 0, 0, 0, NULL, NULL),
(5, 12, 2, 0, 0, 0, 0, 0, 0, 0, 0, NULL, NULL),
(6, 0, 0, 0, 0, 0, 0, 0, 0, 0, 0, NULL, NULL),
(7, 0, 2, 0, 0, 0, 0, 0, 0, 0, 0, NULL, NULL),
(8, 0, 0, 0, 0, 0, 0, 0, 0, 0, 0, NULL, NULL),
(9, 0, 0, 0, 0, 0, 0, 0, 0, 0, 0, NULL, NULL),
(10, 0, 0, 0, 0, 0, 0, 0, 0, 0, 0, NULL, NULL),
(11, 0, 2, 0, 1, 0, 0, 0, 0, 0, 0, NULL, NULL),
(12, 14, 2, 0, 0, 0, 0, 0, 0, 0, 0, NULL, NULL),
(13, 4, 2, 0, 0, 0, 0, 0, 0, 0, 0, NULL, NULL),
(14, 0, 0, 0, 0, 1, 0, 0, 0, 0, 1, NULL, NULL),
(15, 3, 2, 1, 0, 0, 0, 0, 0, 0, 0, NULL, NULL),
(16, 0, 0, 0, 0, 0, 0, 0, 0, 0, 0, NULL, NULL),
(17, 20, 6, 0, 2, 1, 0, 1, 1, 1, 1, NULL, NULL),
(18, 3, 5, 0, 1, 0, 0, 0, 0, 0, 0, NULL, NULL),
(19, 4, 2, 0, 0, 0, 0, 0, 0, 0, 0, NULL, NULL),
(20, 0, 0, 0, 0, 0, 0, 0, 0, 0, 0, NULL, NULL),
(21, 6, 2, 0, 0, 0, 1, 0, 0, 0, 0, NULL, NULL),
(22, 3, 4, 0, 0, 0, 1, 0, 0, 0, 0, NULL, NULL),
(23, 18, 8, 3, 3, 0, 0, 0, 0, 1, 2, NULL, NULL),
(24, 8, 3, 1, 0, 0, 0, 0, 0, 1, 1, NULL, NULL),
(25, 0, 0, 0, 0, 0, 0, 0, 0, 0, 0, NULL, NULL),
(26, 0, 0, 0, 0, 0, 0, 0, 0, 0, 0, NULL, NULL),
(27, 0, 0, 0, 0, 0, 0, 0, 0, 0, 0, NULL, NULL),
(28, 0, 0, 0, 0, 0, 0, 0, 0, 0, 0, NULL, NULL),
(29, 8, 2, 1, 2, 0, 0, 1, 0, 0, 0, NULL, NULL),
(30, 0, 0, 0, 0, 0, 0, 0, 0, 0, 1, NULL, NULL),
(31, 0, 0, 0, 0, 0, 0, 0, 0, 0, 0, NULL, NULL),
(32, 0, 0, 0, 0, 0, 0, 0, 0, 0, 0, NULL, NULL),
(33, 0, 0, 0, 0, 0, 0, 0, 0, 0, 0, NULL, NULL),
(34, 0, 0, 0, 0, 0, 0, 0, 0, 0, 0, NULL, NULL),
(35, 0, 0, 0, 0, 0, 0, 0, 0, 0, 0, NULL, NULL),
(36, 0, 0, 0, 0, 0, 0, 0, 0, 0, 0, NULL, NULL),
(37, 8, 0, 1, 1, 0, 0, 0, 0, 0, 0, NULL, NULL),
(38, 0, 0, 0, 0, 0, 0, 0, 0, 0, 0, NULL, NULL),
(39, 3, 2, 0, 1, 0, 0, 0, 0, 0, 0, NULL, NULL),
(40, 3, 2, 1, 1, 0, 0, 0, 0, 1, 0, NULL, NULL),
(41, 0, 0, 0, 0, 0, 0, 0, 0, 0, 0, NULL, NULL),
(42, 3, 2, 1, 1, 0, 0, 0, 0, 0, 0, NULL, NULL),
(43, 0, 0, 0, 0, 0, 0, 0, 0, 0, 0, NULL, NULL),
(44, 0, 0, 0, 0, 0, 0, 0, 0, 0, 0, NULL, NULL),
(45, 0, 0, 0, 0, 0, 0, 0, 0, 0, 0, NULL, NULL),
(46, 0, 0, 0, 0, 2, 0, 0, 0, 0, 2, NULL, NULL),
(47, 0, 0, 0, 0, 0, 0, 0, 0, 0, 0, NULL, NULL),
(48, 0, 0, 0, 0, 0, 0, 0, 0, 0, 0, NULL, NULL),
(49, 0, 0, 0, 0, 0, 0, 0, 0, 0, 0, NULL, NULL),
(50, 0, 0, 0, 0, 0, 0, 0, 0, 0, 0, NULL, NULL),
(51, 3, 1, 1, 0, 0, 0, 0, 0, 0, 0, NULL, NULL),
(52, 0, 0, 0, 0, 0, 0, 0, 0, 0, 0, NULL, NULL),
(53, 0, 0, 0, 0, 0, 0, 0, 0, 0, 0, NULL, NULL),
(54, 6, 2, 1, 0, 0, 0, 0, 0, 1, 0, NULL, NULL),
(55, 0, 0, 0, 0, 0, 0, 0, 0, 0, 0, NULL, NULL),
(56, 0, 0, 0, 0, 0, 0, 0, 0, 0, 0, NULL, NULL),
(57, 3, 2, 1, 1, 0, 0, 0, 0, 1, 0, NULL, NULL),
(58, 9, 2, 0, 0, 0, 0, 0, 0, 0, 0, NULL, NULL),
(59, 0, 0, 0, 0, 0, 0, 0, 0, 0, 0, NULL, NULL),
(60, 0, 0, 0, 0, 0, 0, 0, 0, 0, 0, NULL, NULL),
(61, 0, 0, 0, 0, 0, 0, 0, 0, 0, 0, NULL, NULL),
(62, 0, 0, 0, 0, 0, 0, 0, 0, 0, 0, NULL, NULL),
(63, 0, 0, 0, 0, 0, 0, 0, 0, 0, 0, NULL, NULL),
(64, 7, 2, 0, 0, 0, 0, 0, 0, 0, 0, NULL, NULL),
(65, 0, 0, 0, 0, 0, 0, 0, 0, 0, 0, NULL, NULL),
(66, 0, 0, 0, 0, 0, 0, 0, 0, 0, 0, NULL, NULL),
(67, 0, 0, 0, 0, 0, 0, 0, 0, 0, 0, NULL, NULL),
(68, 0, 0, 0, 0, 0, 0, 0, 0, 0, 0, NULL, NULL),
(69, 0, 0, 0, 0, 0, 0, 0, 0, 0, 0, NULL, NULL),
(70, 0, 0, 0, 0, 0, 0, 0, 0, 0, 0, NULL, NULL),
(71, 0, 0, 0, 0, 0, 0, 0, 0, 0, 0, NULL, NULL),
(72, 0, 0, 0, 0, 0, 0, 0, 0, 0, 0, NULL, NULL),
(73, 0, 0, 0, 0, 0, 0, 0, 0, 0, 0, NULL, NULL);

--
-- Dumping data for table `relevamiento_plazas`
--

INSERT INTO `relevamiento_plazas` (`id_plaza`, `limpieza`, `jardineria`, `arbolado`, `juegos`, `bebederos`, `estaciones_aerobicas`, `bicicleteros`, `cercos`, `riego`, `carteleria`, `mobiliario`, `mastil`, `arenero`, `caminos`, `veredas`, `luminarias`, `esculturas`, `playon`, `cestos`, `created_at`, `updated_at`) VALUES
(1, 'REGULAR', 'BUENA', 'BUENO', 'PINTURA', 'NO PRESENTA', 'NO PRESENTA', 'NO PRESENTA', 'NO PRESENTA', 'NO PRESENTA', 'NO PRESENTA', 'BUEN ESTADO', 'NO PRESENTA', 'NO PRESENTA', '', 'BUEN ESTADO', 'BUEN ESTADO', 'NO PRESENTA', 'NO PRESENTA', 'NO PRESENTA', '0000-00-00 00:00:00', NULL),
(2, 'MALA', 'REGULAR', 'FALTA ESCAMONDA', 'NO PRESENTA', 'NO PRESENTA', 'NO PRESENTA', '', 'NO PRESENTA', 'NO PRESENTA', 'NO PRESENTA', 'REPONER', 'NO PRESENTA', 'NO PRESENTA', '', 'NO PRESENTA', 'NO PRESENTA', 'NO PRESENTA', 'NO PRESENTA', 'REPONER', '0000-00-00 00:00:00', NULL),
(3, 'BUENA', 'BUENA', 'FALTA ESCAMONDA', 'NO PRESENTA', 'BUEN ESTADO', 'NO PRESENTA', 'NO PRESENTA', 'NO PRESENTA', 'NO PRESENTA', 'BUEN ESTADO', 'BUEN ESTADO', 'NO PRESENTA', 'NO PRESENTA', 'FALTAN REMARCAR', 'REGULAR', 'BUEN ESTADO', 'NO PRESENTA', 'NO PRESENTA', 'BUEN ESTADO', '0000-00-00 00:00:00', NULL),
(4, 'BUENA', 'BUENA', 'FALTA ESCAMONDA', 'PINTURA', 'NO PRESENTA', 'NO PRESENTA', 'NO PRESENTA', 'NO PRESENTA', 'NO PRESENTA', 'BUEN ESTADO', 'REPARAR', 'NO PRESENTA', 'REPONER ARENA', '', 'REGULAR', 'BUEN ESTADO', 'NO PRESENTA', 'NO PRESENTA', 'NO PRESENTA', '0000-00-00 00:00:00', NULL),
(5, 'REGULAR', 'BUENA', 'BUENO', 'PINTURA', 'NO PRESENTA', 'NO PRESENTA', 'NO PRESENTA', 'NO PRESENTA', 'NO PRESENTA', 'NO PRESENTA', 'REPARAR', 'NO PRESENTA', 'REPONER ARENA', '', 'MAL ESTADO', 'REPARAR', 'NO PRESENTA', 'NO PRESENTA', 'NO PRESENTA', '0000-00-00 00:00:00', NULL),
(6, 'REGULAR', 'CORTE DE CESPED', 'BUENO', 'PINTURA', 'NO PRESENTA', 'NO PRESENTA', 'NO PRESENTA', 'NO PRESENTA', 'NO PRESENTA', 'REPARAR', 'REPARAR', 'NO PRESENTA', 'REPONER ARENA', '', 'BUEN ESTADO', 'BUEN ESTADO', 'NO PRESENTA', 'NO PRESENTA', 'NO PRESENTA', '0000-00-00 00:00:00', NULL),
(7, '', '', '', '', '', '', '', '', '', '', '', '', '', '', '', '', '', '', '', '0000-00-00 00:00:00', NULL),
(8, '', '', '', '', '', '', '', '', '', '', '', '', '', '', '', '', '', '', '', '0000-00-00 00:00:00', NULL),
(9, 'REGULAR', 'BUENA', 'FALTA ESCAMONDA', 'PINTURA', 'NO PRESENTA', 'NO PRESENTA', 'NO PRESENTA', 'NO PRESENTA', 'NO PRESENTA', 'NO PRESENTA', 'BUEN ESTADO', 'NO PRESENTA', 'FALTA REMARCAR, REPO', '', 'BUEN ESTADO', 'BUEN ESTADO', 'NO PRESENTA', 'NO PRESENTA', 'NO PRESENTA', '0000-00-00 00:00:00', NULL),
(10, 'BUENA', 'BUENA', 'BUENO', 'NO PRESENTA', 'NO PRESENTA', 'NO PRESENTA', 'NO PRESENTA', 'NO PRESENTA', 'NO PRESENTA', 'NO PRESENTA', 'BUEN ESTADO', 'REPARAR/PINTAR', 'NO PRESENTA', '', 'BUEN ESTADO', 'BUEN ESTADO', 'NO PRESENTA', 'NO PRESENTA', 'NO PRESENTA', '0000-00-00 00:00:00', NULL),
(11, '', '', '', '', '', '', '', '', '', '', '', '', '', '', '', '', '', '', '', '0000-00-00 00:00:00', NULL),
(12, 'REGULAR', 'BUENA', 'BUENO', 'PINTURA', 'NO PRESENTA', 'NO PRESENTA', 'NO PRESENTA', 'NO PRESENTA', 'NO PRESENTA', 'NO PRESENTA', 'REPARAR', 'NO PRESENTA', 'FALTA REMARCAR, REPO', '', 'REGULAR', 'NO PRESENTA', 'NO PRESENTA', 'NO PRESENTA', 'NO PRESENTA', '0000-00-00 00:00:00', NULL),
(13, 'MALA', 'CORTE DE CESPED', 'FALTA ESCAMONDA', 'PINTURA', 'NO PRESENTA', 'NO PRESENTA', 'NO PRESENTA', 'NO PRESENTA', 'NO PRESENTA', 'NO PRESENTA', 'NO PRESENTA', 'NO PRESENTA', 'FALTA REMARCAR, REPO', 'REALIZAR NUEVO', 'BUEN ESTADO', 'NO PRESENTA', 'NO PRESENTA', 'NO PRESENTA', 'NO PRESENTA', '0000-00-00 00:00:00', NULL),
(14, 'BUENA', 'BUENA', 'BUENO', 'NO PRESENTA', 'LIMPIEZA, PINTURA', 'PINTURA', 'PINTURA', 'NO PRESENTA', 'NO PRESENTA', 'NO PRESENTA', 'BUEN ESTADO', 'NO PRESENTA', 'NO PRESENTA', '', 'BUEN ESTADO', 'PROYECTAR', 'NO PRESENTA', 'NO PRESENTA', 'NO PRESENTA', '0000-00-00 00:00:00', NULL),
(15, 'REGULAR', 'BUENA', 'BUENO', 'BUEN ESTADO', 'NO PRESENTA', 'NO PRESENTA', 'NO PRESENTA', 'BUEN ESTADO', 'NO PRESENTA', 'BUEN ESTADO', 'BUEN ESTADO', 'REPARAR/PINTAR', 'BUEN ESTADO', '', 'BUEN ESTADO', 'BUEN ESTADO', 'NO PRESENTA', 'NO PRESENTA', 'BUEN ESTADO', '0000-00-00 00:00:00', NULL),
(16, 'REGULAR', 'REGULAR', 'BUENO', 'NO PRESENTA', 'NO PRESENTA', 'NO PRESENTA', 'NO PRESENTA', 'NO PRESENTA', 'NO PRESENTA', 'NO PRESENTA', 'REPARAR', 'NO PRESENTA', 'NO PRESENTA', '', 'MAL ESTADO', 'BUEN ESTADO', 'NO PRESENTA', 'NO PRESENTA', 'NO PRESENTA', '0000-00-00 00:00:00', NULL),
(17, 'REGULAR', 'BUENA', 'BUENO', 'PINTURA', 'LIMPIEZA, PINTURA', 'BARNIZAR', 'PINTURA', 'PINTURA', 'NO PRESENTA', 'BUEN ESTADO', 'BUEN ESTADO', 'NO PRESENTA', 'BUEN ESTADO', 'REPONER GRANZA', 'BUEN ESTADO', 'BUEN ESTADO', 'BUEN ESTADO', 'BUEN ESTADO', 'BUEN ESTADO', '0000-00-00 00:00:00', NULL),
(18, 'REGULAR', 'BUENA', 'MUY BUENO', 'BUEN ESTADO', 'NO PRESENTA', 'NO PRESENTA', 'NO PRESENTA', 'NO PRESENTA', 'NO PRESENTA', 'NO PRESENTA', 'BUEN ESTADO', 'NO PRESENTA', 'FALTA REMARCAR, REPO', '', 'BUEN ESTADO', 'BUEN ESTADO', 'NO PRESENTA', 'BUEN ESTADO', 'REPARAR', '0000-00-00 00:00:00', NULL),
(19, 'MALA', 'REGULAR', 'FALTA ESCAMONDA', 'PINTURA', 'NO PRESENTA', 'NO PRESENTA', 'NO PRESENTA', 'NO PRESENTA', 'NO PRESENTA', 'NO PRESENTA', 'REPARAR', 'NO PRESENTA', 'FALTA REMARCAR, REPO', '', 'MAL ESTADO', 'BUEN ESTADO', 'NO PRESENTA', 'NO PRESENTA', 'NO PRESENTA', '0000-00-00 00:00:00', NULL),
(20, '', '', '', '', '', '', '', '', '', '', '', '', '', '', '', '', '', '', '', '0000-00-00 00:00:00', NULL),
(21, 'BUENA', 'BUENA', 'FALTA ESCAMONDA', 'BUEN ESTADO', 'NO PRESENTA', 'NO PRESENTA', 'NO PRESENTA', 'NO PRESENTA', 'NO PRESENTA', 'BUEN ESTADO', 'BUEN ESTADO', 'BUEN ESTADO', 'FALTA REMARCAR, REPO', '', 'REGULAR', 'BUEN ESTADO', 'BUEN ESTADO', 'NO PRESENTA', 'BUEN ESTADO', '0000-00-00 00:00:00', NULL),
(22, 'BUENA', 'BUENA', 'BUENO', 'PINTURA', 'NO PRESENTA', 'NO PRESENTA', 'NO PRESENTA', 'NO PRESENTA', 'NO PRESENTA', 'NO PRESENTA', 'NO PRESENTA', 'NO PRESENTA', 'FALTA REMARCAR, REPO', '', 'BUEN ESTADO', 'NO PRESENTA', 'NO PRESENTA', 'NO PRESENTA', 'NO PRESENTA', '0000-00-00 00:00:00', NULL),
(23, 'BUENA', 'BUENA', 'BUENO', 'PINTURA', 'BUEN ESTADO', 'NO PRESENTA', 'PINTURA', 'NO PRESENTA', 'NO PRESENTA', 'REPARAR', 'BUEN ESTADO', 'NO PRESENTA', 'FALTA REMARCAR, REPO', '', 'REGULAR', 'BUEN ESTADO', 'NO PRESENTA', 'BUEN ESTADO', 'REPARAR', '0000-00-00 00:00:00', NULL),
(24, 'REGULAR', 'REGULAR', 'FALTA ESCAMONDA', 'PINTURA', 'BUEN ESTADO', 'NO PRESENTA', 'BUEN ESTADO', 'BUEN ESTADO', 'NO PRESENTA', 'BUEN ESTADO', 'BUEN ESTADO', 'REPARAR/PINTAR', 'FALTA REMARCAR', '', 'BUEN ESTADO', 'BUEN ESTADO', 'REGULAR', 'REGULAR', 'BUEN ESTADO', '0000-00-00 00:00:00', NULL),
(25, '', '', '', '', '', '', '', '', '', '', '', '', '', '', '', '', '', '', '', '0000-00-00 00:00:00', NULL),
(26, 'REGULAR', 'REGULAR', 'FALTA ESCAMONDA', 'NO PRESENTA', 'NO PRESENTA', 'NO PRESENTA', 'NO PRESENTA', 'NO PRESENTA', 'NO PRESENTA', 'REPARAR', 'NO PRESENTA', 'NO PRESENTA', 'NO PRESENTA', '', 'MAL ESTADO', 'BUEN ESTADO', 'NO PRESENTA', 'NO PRESENTA', 'NO PRESENTA', '0000-00-00 00:00:00', NULL),
(27, '', '', '', '', '', '', '', '', '', '', '', '', '', '', '', '', '', '', '', '0000-00-00 00:00:00', NULL),
(28, 'BUENA', 'BUENA', 'FALTA ESCAMONDA', 'NO PRESENTA', 'NO PRESENTA', 'NO PRESENTA', 'PINTURA', 'NO PRESENTA', 'NO PRESENTA', 'REPARAR', 'BUEN ESTADO', 'NO PRESENTA', 'NO PRESENTA', 'FALTAN REMARCAR', 'BUEN ESTADO', 'BUEN ESTADO', 'BUEN ESTADO', 'NO PRESENTA', 'BUEN ESTADO', '0000-00-00 00:00:00', NULL),
(29, 'BUENA', 'BUENA', 'FALTA ESCAMONDA', 'PINTURA', 'NO PRESENTA', 'NO PRESENTA', 'PINTURA', 'NO PRESENTA', 'NO PRESENTA', 'BUEN ESTADO', 'BUEN ESTADO', 'BUEN ESTADO', 'FALTA REMARCAR, REPO', 'FALTAN REMARCAR', 'BUEN ESTADO', 'BUEN ESTADO', 'BUEN ESTADO', 'NO PRESENTA', 'BUEN ESTADO', '0000-00-00 00:00:00', NULL),
(30, 'BUENA', 'BUENA', 'FALTA ESCAMONDA', 'NO PRESENTA', 'PINTURA', 'NO PRESENTA', 'PINTURA', 'NO PRESENTA', 'NO PRESENTA', 'NO PRESENTA', 'BUEN ESTADO', 'NO PRESENTA', 'NO PRESENTA', 'FALTAN REMARCAR', 'BUEN ESTADO', 'PROYECTAR', 'NO PRESENTA', 'NO PRESENTA', 'REPARAR', '0000-00-00 00:00:00', NULL),
(31, 'BUENA', 'BUENA', 'FALTA ESCAMONDA', 'BUEN ESTADO', 'NO PRESENTA', 'NO PRESENTA', 'NO PRESENTA', 'NO PRESENTA', 'NO PRESENTA', 'NO PRESENTA', 'BUEN ESTADO', 'NO PRESENTA', 'FALTA REMARCAR, REPO', '', 'BUEN ESTADO', 'BUEN ESTADO', 'NO PRESENTA', 'NO PRESENTA', 'BUEN ESTADO', '0000-00-00 00:00:00', NULL),
(32, '', '', '', '', '', '', '', '', '', '', '', '', '', '', '', '', '', '', '', '0000-00-00 00:00:00', NULL),
(33, 'BUENA', 'BUENA', 'FALTA ESCAMONDA', 'PINTURA', 'NO PRESENTA', 'NO PRESENTA', 'NO PRESENTA', 'BUEN ESTADO', 'NO PRESENTA', 'BUEN ESTADO', 'BUEN ESTADO', 'NO PRESENTA', 'BUEN ESTADO', '', 'REGULAR', 'REPARAR', 'NO PRESENTA', 'NO PRESENTA', 'NO PRESENTA', '0000-00-00 00:00:00', NULL),
(34, '', '', '', '', '', '', '', '', '', '', '', '', '', '', '', '', '', '', '', '0000-00-00 00:00:00', NULL),
(35, 'REGULAR', 'CORTE DE CESPED', 'BUENO', 'NO PRESENTA', 'NO PRESENTA', 'NO PRESENTA', 'NO PRESENTA', 'NO PRESENTA', 'NO PRESENTA', 'NO PRESENTA', 'BUEN ESTADO', '', 'NO PRESENTA', '', 'BUEN ESTADO', 'BUEN ESTADO', 'NO PRESENTA', 'BUEN ESTADO', 'NO PRESENTA', '0000-00-00 00:00:00', NULL),
(36, '', '', '', '', '', '', '', '', '', '', '', '', '', '', '', '', 'BUEN ESTADO', '', '', '0000-00-00 00:00:00', NULL),
(37, 'BUENA', 'BUENA', 'FALTA ESCAMONDA', 'PINTURA', 'NO PRESENTA', 'NO PRESENTA', 'NO PRESENTA', 'NO PRESENTA', 'NO PRESENTA', 'NO PRESENTA', 'BUEN ESTADO', 'NO PRESENTA', 'FALTA REMARCAR, REPO', '', 'BUEN ESTADO', 'BUEN ESTADO', 'NO PRESENTA', 'NO PRESENTA', 'BUEN ESTADO', '0000-00-00 00:00:00', NULL),
(38, '', '', '', '', '', '', '', '', '', '', '', '', '', '', '', '', '', '', '', '0000-00-00 00:00:00', NULL),
(39, 'BUENA', 'BUENA', 'FALTA ESCAMONDA', 'ASIENTOS', 'NO PRESENTA', 'NO PRESENTA', 'NO PRESENTA', 'NO PRESENTA', 'NO PRESENTA', 'REPARAR', 'BUEN ESTADO', 'REPARAR/PINTAR', 'BUEN ESTADO', 'REPONER GRANZA', 'BUEN ESTADO', 'BUEN ESTADO', 'NO PRESENTA', 'NO PRESENTA', 'BUEN ESTADO', '0000-00-00 00:00:00', NULL),
(40, 'REGULAR', 'BUENA', '', 'PINTURA', 'NO PRESENTA', 'NO PRESENTA', 'NO PRESENTA', 'NO PRESENTA', 'NO PRESENTA', 'NO PRESENTA', 'REPARAR', 'NO PRESENTA', 'FALTA REMARCAR, REPO', '', 'BUEN ESTADO', 'BUEN ESTADO', 'NO PRESENTA', 'REGULAR', 'NO ASISTIDO', '0000-00-00 00:00:00', NULL),
(41, 'REGULAR', 'REGULAR', 'BUENO', 'NO PRESENTA', 'NO PRESENTA', 'NO PRESENTA', 'NO PRESENTA', 'NO PRESENTA', 'NO PRESENTA', 'NO PRESENTA', 'REPARAR', 'NO PRESENTA', 'NO PRESENTA', '', 'BUEN ESTADO', 'BUEN ESTADO', 'NO PRESENTA', 'MAL ESTADO', 'NO PRESENTA', '0000-00-00 00:00:00', NULL),
(42, 'MALA', 'CORTE DE CESPED', 'FALTA ESCAMONDA', 'BUEN ESTADO', 'NO PRESENTA', 'NO PRESENTA', 'NO PRESENTA', 'NO PRESENTA', 'NO PRESENTA', 'NO PRESENTA', 'BUEN ESTADO', 'NO PRESENTA', 'FALTA REMARCAR, REPO', '', '', 'REPARAR', 'BUEN ESTADO', 'NO PRESENTA', 'NO PRESENTA', '0000-00-00 00:00:00', NULL),
(43, '', '', '', '', '', '', '', '', '', '', '', '', '', '', '', '', '', '', '', '0000-00-00 00:00:00', NULL),
(44, '', '', '', '', '', '', '', '', '', '', '', '', '', '', '', '', '', '', '', '0000-00-00 00:00:00', NULL),
(45, '', '', '', '', '', '', '', '', '', '', '', '', '', '', '', '', '', '', '', '0000-00-00 00:00:00', NULL),
(46, 'MUY BUENA', 'BUENA', 'BUENO', 'NO PRESENTA', 'LIMPIEZA, PINTURA', 'PINTURA', 'PINTURA', 'NO PRESENTA', 'NO PRESENTA', 'BUEN ESTADO', 'BUEN ESTADO', 'REPARAR/PINTAR', 'NO PRESENTA', '', 'BUEN ESTADO', 'BUEN ESTADO', 'NO PRESENTA', 'NO PRESENTA', 'BUEN ESTADO', '0000-00-00 00:00:00', NULL),
(47, '', '', '', '', '', '', '', '', '', '', '', '', '', '', '', '', '', '', '', '0000-00-00 00:00:00', NULL),
(48, '', '', '', '', '', '', '', '', '', '', '', '', '', '', '', '', '', '', '', '0000-00-00 00:00:00', NULL),
(49, '', '', '', '', '', '', '', '', '', '', '', '', '', '', '', '', '', '', '', '0000-00-00 00:00:00', NULL),
(50, 'MALA', 'REGULAR', 'FALTA ESCAMONDA', 'BUEN ESTADO', 'NO PRESENTA', 'NO PRESENTA', 'NO PRESENTA', 'NO PRESENTA', 'NO PRESENTA', 'NO PRESENTA', 'REPARAR', 'NO PRESENTA', 'NO PRESENTA', '', 'MAL ESTADO', 'NO PRESENTA', 'NO PRESENTA', 'NO PRESENTA', 'NO PRESENTA', '0000-00-00 00:00:00', NULL),
(51, 'MALA', 'MAL', 'FALTA ESCAMONDA', 'PINTURA', 'NO PRESENTA', 'NO PRESENTA', 'NO PRESENTA', 'NO PRESENTA', 'NO PRESENTA', 'BUEN ESTADO', 'REPONER', 'NO PRESENTA', 'NO PRESENTA', '', 'BUEN ESTADO', 'PROYECTAR', 'NO PRESENTA', 'NO PRESENTA', 'REPONER', '0000-00-00 00:00:00', NULL),
(52, 'BUENA', 'BUENA', 'REGULAR', 'PINTURA', 'NO PRESENTA', 'NO PRESENTA', 'NO PRESENTA', 'NO PRESENTA', 'NO PRESENTA', 'NO PRESENTA', 'REPONER', 'NO PRESENTA', 'NO PRESENTA', 'REALIZAR NUEVO', 'BUEN ESTADO', 'NO PRESENTA', 'NO PRESENTA', 'NO PRESENTA', 'REPONER', '0000-00-00 00:00:00', NULL),
(53, 'BUENA', 'BUENA', '', 'NO PRESENTA', 'PROYECTAR', 'NO PRESENTA', 'PINTURA', 'NO PRESENTA', 'NO PRESENTA', 'NO PRESENTA', 'NO PRESENTA', 'NO PRESENTA', 'NO PRESENTA', '', 'BUEN ESTADO', 'PROYECTAR', 'NO PRESENTA', 'NO PRESENTA', 'REPONER', '0000-00-00 00:00:00', NULL),
(54, 'MALA', 'REGULAR', 'FALTA ESCAMONDA', 'PINTURA', 'NO PRESENTA', 'NO PRESENTA', 'NO PRESENTA', 'NO PRESENTA', 'NO PRESENTA', 'REPONER', 'REPARAR', 'NO PRESENTA', 'FALTA REMARCAR, REPO', '', 'REGULAR', 'BUEN ESTADO', 'NO PRESENTA', 'REGULAR', 'NO PRESENTA', '0000-00-00 00:00:00', NULL),
(55, 'REGULAR', 'BUENA', 'FALTA ESCAMONDA', 'PINTURA', 'NO PRESENTA', 'NO PRESENTA', 'NO PRESENTA', 'NO PRESENTA', 'NO PRESENTA', 'NO PRESENTA', 'REPARAR', 'REPARAR/PINTAR', 'FALTA REMARCAR, REPO', '', 'BUEN ESTADO', 'BUEN ESTADO', 'NO PRESENTA', 'NO PRESENTA', 'NO PRESENTA', '0000-00-00 00:00:00', NULL),
(56, 'BUENA', 'REGULAR', 'BUENO', 'PINTURA', 'NO PRESENTA', 'NO PRESENTA', 'NO PRESENTA', 'NO PRESENTA', 'NO PRESENTA', 'NO PRESENTA', 'REPARAR', 'NO PRESENTA', 'NO PRESENTA', '', 'REGULAR', 'BUEN ESTADO', 'NO PRESENTA', 'NO PRESENTA', 'REPONER', '0000-00-00 00:00:00', NULL),
(57, 'BUENA', 'REGULAR', '', 'PINTURA', 'NO PRESENTA', 'NO PRESENTA', 'NO PRESENTA', 'NO PRESENTA', 'NO PRESENTA', 'NO PRESENTA', 'REPARAR', 'NO PRESENTA', 'NO PRESENTA', '', 'MAL ESTADO', 'NO PRESENTA', 'NO PRESENTA', 'MAL ESTADO', 'REPONER', '0000-00-00 00:00:00', NULL),
(58, 'BUENA', 'BUENA', 'FALTA ESCAMONDA', 'PINTURA', 'NO PRESENTA', 'NO PRESENTA', 'NO PRESENTA', 'NO PRESENTA', 'NO PRESENTA', 'NO PRESENTA', 'BUEN ESTADO', 'NO PRESENTA', 'FALTA REMARCAR, REPO', '', '', 'REPARAR', 'NO PRESENTA', 'NO PRESENTA', 'REPONER', '0000-00-00 00:00:00', NULL),
(59, 'REGULAR', 'BUENA', 'FALTA ESCAMONDA', 'PINTURA', 'NO PRESENTA', 'NO PRESENTA', 'NO PRESENTA', 'NO PRESENTA', 'NO PRESENTA', 'NO PRESENTA', 'BUEN ESTADO', 'NO PRESENTA', 'BUEN ESTADO', '', 'BUEN ESTADO', 'BUEN ESTADO', 'NO PRESENTA', 'NO PRESENTA', 'NO PRESENTA', '0000-00-00 00:00:00', NULL),
(60, 'BUENA', 'BUENA', 'FALTA ESCAMONDA', 'PINTURA', 'NO PRESENTA', 'NO PRESENTA', 'NO PRESENTA', 'NO PRESENTA', 'NO PRESENTA', 'NO PRESENTA', 'REPARAR', 'NO PRESENTA', 'FALTA REMARCAR, REPO', '', 'BUEN ESTADO', 'BUEN ESTADO', 'NO PRESENTA', 'NO PRESENTA', 'NO PRESENTA', '0000-00-00 00:00:00', NULL),
(61, 'BUENA', 'BUENA', 'FALTA ESCAMONDA', 'PINTURA', 'NO PRESENTA', 'NO PRESENTA', 'NO PRESENTA', 'NO PRESENTA', 'NO PRESENTA', 'NO PRESENTA', 'BUEN ESTADO', 'NO PRESENTA', 'FALTA REMARCAR, REPO', '', 'BUEN ESTADO', 'NO PRESENTA', 'NO PRESENTA', 'NO PRESENTA', 'NO PRESENTA', '0000-00-00 00:00:00', NULL),
(62, 'BUENA', 'BUENA', 'BUENO', 'PINTURA', 'NO PRESENTA', 'NO PRESENTA', 'NO PRESENTA', 'NO PRESENTA', 'NO PRESENTA', 'NO PRESENTA', 'BUEN ESTADO', 'NO PRESENTA', 'FALTA REMARCAR, REPO', '', 'BUEN ESTADO', 'BUEN ESTADO', 'NO PRESENTA', 'NO PRESENTA', 'NO PRESENTA', '0000-00-00 00:00:00', NULL),
(63, 'REGULAR', 'BUENA', 'BUENO', 'PINTURA', 'NO PRESENTA', 'NO PRESENTA', 'PINTURA', 'NO PRESENTA', 'NO PRESENTA', 'BUEN ESTADO', 'BUEN ESTADO', 'NO PRESENTA', 'FALTA REMARCAR', '', 'BUEN ESTADO', 'BUEN ESTADO', 'NO PRESENTA', 'REGULAR', 'NO PRESENTA', '0000-00-00 00:00:00', NULL),
(64, 'BUENA', 'CORTE DE CESPED', 'BUENO', 'PINTURA', 'NO PRESENTA', 'NO PRESENTA', 'NO PRESENTA', 'NO PRESENTA', 'NO PRESENTA', 'NO PRESENTA', 'NO PRESENTA', 'NO PRESENTA', 'FALTA REMARCAR, REPO', '', '', 'REPARAR', 'NO PRESENTA', 'NO PRESENTA', 'NO PRESENTA', '0000-00-00 00:00:00', NULL),
(65, 'REGULAR', 'BUENA', 'FALTA ESCAMONDA', 'PINTURA', 'NO PRESENTA', 'NO PRESENTA', 'NO PRESENTA', 'NO PRESENTA', 'NO PRESENTA', 'NO PRESENTA', 'BUEN ESTADO', 'NO PRESENTA', 'FALTA REMARCAR, REPO', '', 'BUEN ESTADO', 'BUEN ESTADO', 'NO PRESENTA', 'NO PRESENTA', 'NO PRESENTA', '0000-00-00 00:00:00', NULL),
(66, 'REGULAR', 'CORTE DE CESPED', 'FALTA ESCAMONDA', 'PINTURA', 'NO PRESENTA', 'NO PRESENTA', 'NO PRESENTA', 'NO PRESENTA', 'NO PRESENTA', 'NO PRESENTA', 'BUEN ESTADO', 'NO PRESENTA', 'FALTA REMARCAR, REPO', '', 'REGULAR', 'BUEN ESTADO', 'NO PRESENTA', 'NO PRESENTA', 'NO PRESENTA', '0000-00-00 00:00:00', NULL),
(67, 'MALA', 'CORTE DE CESPED', 'BUENO', 'PINTURA', 'NO PRESENTA', 'NO PRESENTA', 'NO PRESENTA', 'NO PRESENTA', 'NO PRESENTA', 'NO PRESENTA', 'BUEN ESTADO', 'REPARAR/PINTAR', 'FALTA REMARCAR, REPO', 'REALIZAR NUEVO', 'NO PRESENTA', 'BUEN ESTADO', 'NO PRESENTA', 'NO PRESENTA', 'REPARAR', '0000-00-00 00:00:00', NULL),
(68, 'MALA', 'CORTE DE CESPED', '', 'PINTURA', 'NO PRESENTA', 'NO PRESENTA', 'NO PRESENTA', 'NO PRESENTA', 'NO PRESENTA', 'NO PRESENTA', 'NO PRESENTA', 'NO PRESENTA', 'FALTA REMARCAR, REPO', 'REALIZAR NUEVO', '', 'NO PRESENTA', 'NO PRESENTA', 'NO PRESENTA', 'NO PRESENTA', '0000-00-00 00:00:00', NULL),
(69, 'REGULAR', 'CORTE DE CESPED', 'FALTA ESCAMONDA', 'HERRERIA', 'NO PRESENTA', 'NO PRESENTA', 'NO PRESENTA', 'NO PRESENTA', 'NO PRESENTA', 'BUEN ESTADO', 'BUEN ESTADO', 'NO PRESENTA', 'FALTA REMARCAR, REPO', '', 'REGULAR', 'BUEN ESTADO', 'NO PRESENTA', 'BUEN ESTADO', 'BUEN ESTADO', '0000-00-00 00:00:00', NULL),
(70, 'REGULAR', 'BUENA', 'BUENO', 'PINTURA', 'NO PRESENTA', 'NO PRESENTA', 'NO PRESENTA', 'NO PRESENTA', 'NO PRESENTA', 'NO PRESENTA', 'BUEN ESTADO', 'NO PRESENTA', 'NO PRESENTA', '', 'REGULAR', 'BUEN ESTADO', 'NO PRESENTA', 'NO PRESENTA', 'BUEN ESTADO', '0000-00-00 00:00:00', NULL),
(71, 'BUENA', 'BUENA', 'BUENO', 'PINTURA', 'NO PRESENTA', 'NO PRESENTA', 'NO PRESENTA', 'NO PRESENTA', 'NO PRESENTA', 'NO PRESENTA', 'BUEN ESTADO', 'NO PRESENTA', 'NO PRESENTA', '', 'BUEN ESTADO', 'BUEN ESTADO', 'NO PRESENTA', 'MAL ESTADO', 'BUEN ESTADO', '0000-00-00 00:00:00', NULL),
(72, 'BUENA', 'BUENA', 'BUENO', 'BUEN ESTADO', 'NO PRESENTA', 'NO PRESENTA', 'NO PRESENTA', 'NO PRESENTA', 'NO PRESENTA', 'NO PRESENTA', 'BUEN ESTADO', 'NO PRESENTA', 'NO PRESENTA', '', 'REGULAR', 'BUEN ESTADO', 'NO PRESENTA', 'NO PRESENTA', 'NO ASISTIDO', '0000-00-00 00:00:00', NULL),
(73, 'REGULAR', 'BUENA', 'FALTA ESCAMONDA', 'PINTURA', 'NO PRESENTA', 'NO PRESENTA', 'NO PRESENTA', 'NO PRESENTA', 'NO PRESENTA', 'NO PRESENTA', 'NO PRESENTA', 'NO PRESENTA', 'FALTA REMARCAR, REPO', '', 'MAL ESTADO', 'REPARAR', 'NO PRESENTA', 'NO PRESENTA', 'NO PRESENTA', '0000-00-00 00:00:00', NULL);

--
-- Dumping data for table `users`
--

INSERT INTO `users` (`id`, `name`, `email`, `password`, `remember_token`, `created_at`, `updated_at`) VALUES
(1, 'Franco', 'fmaggio0@rosario.gov.ar', '$2y$10$HMm7kkZzBsFEujSjAhQY2e2c3qM82h.jasLZ5ANCqIgLyM1KjRY4C', 'p5U4s3p0ecTFHliaol8XJdR33chGQAGgBesvTtUTEDDmCp1h30tFPKqnDZm8', '2016-08-17 06:02:02', '2016-08-23 05:05:58');

/*!40101 SET CHARACTER_SET_CLIENT=@OLD_CHARACTER_SET_CLIENT */;
/*!40101 SET CHARACTER_SET_RESULTS=@OLD_CHARACTER_SET_RESULTS */;
/*!40101 SET COLLATION_CONNECTION=@OLD_COLLATION_CONNECTION */;
